,VAW,VDE,VFH,VIS,VGT,VDC,VPU,VHT,VCR,VNQ,VOX,CASH
2013-11-26,0.0853109266058572,0.08047820759380223,0.08738293121158794,0.08654274536438629,0.08553193144122699,0.0800375802021363,0.08437036961259187,0.07901746932675788,0.07925286252247517,0.08075768729559966,0.08965951821953462,0.08165777060404392
2013-11-27,0.08571086546476081,0.08339603133052796,0.08577775172194818,0.08455932714857677,0.08404745794237395,0.08284154446608155,0.08198342304058236,0.07996263895352489,0.08358773335311417,0.0824884911672373,0.08541055690446082,0.08023417850681133
2013-11-29,0.08472846962507066,0.0813431877409418,0.08599568171278492,0.08386864425068932,0.08431724563535935,0.08314253558539846,0.08387672479606029,0.08094607671564333,0.08350685708787305,0.08253175568684634,0.0844331132854395,0.08130970787789281
2013-12-02,0.08489920885385628,0.08123126275015716,0.0857846685564647,0.08316601242939978,0.08460001971352561,0.0839585756671775,0.08311710645095781,0.08127277132507545,0.08446317222280592,0.08265177551716202,0.08398711452973594,0.08086831198368176
2013-12-03,0.08506397260004511,0.08163661462820196,0.08548095956672233,0.08285024986916512,0.08422017536201254,0.08399642847425398,0.08353999469464254,0.08043643270197258,0.08527228751565097,0.08325674625458966,0.08354557800173938,0.08070056033100387
2013-12-04,0.08463661328804002,0.08267431993428341,0.08486599600752988,0.08477629954634643,0.08429186520651025,0.08347954331800966,0.08315153419482836,0.08071830917961112,0.08341435612729672,0.08298848425529516,0.08501103765296045,0.07999164128928855
2013-12-05,0.08440627702322628,0.0812489273780395,0.08508092288965198,0.08394630374323603,0.08377471573211857,0.08394207421385255,0.08391336801829931,0.08095466947929109,0.08475697955347,0.0835042879254451,0.08362025351297094,0.08085122053039863
2013-12-06,0.08508844364720662,0.082853718675752,0.08493980105101781,0.08375542474002023,0.08429104176167086,0.083438400984795,0.08307812977306307,0.07990361436918755,0.08348542045914839,0.08305039448236677,0.08510876982700241,0.08100684022876924
2013-12-09,0.08604061860704947,0.08342654545470161,0.08698538755342866,0.08386941092151888,0.08474088863793523,0.08469746695826026,0.08086619543299099,0.08131630349251917,0.083833600219114,0.08124828421397616,0.08422789393678023,0.07874740457172527
2013-12-10,0.08397643455546074,0.08139903831665132,0.08399819578551247,0.08342835451772698,0.08500484036453743,0.08483951286217092,0.08367333603983736,0.08233547351001544,0.08333194888646213,0.08308031202469206,0.08506515100594307,0.07986740213099015
2013-12-11,0.08391945999052952,0.08327738715415038,0.08304090009593242,0.08452602283681444,0.08312048052638102,0.08440645967704724,0.08276723762355784,0.08063368290325634,0.08382251295584706,0.08438939674238102,0.08527587970620705,0.08082057978789556
2013-12-12,0.08397725237560831,0.08213848245394455,0.0844358643152505,0.08272761897434137,0.0845058927171354,0.08540846270580235,0.08311780331783268,0.08161197879599918,0.08452291347682067,0.08347481199041586,0.08403804589534238,0.08004087298150674
2013-12-13,0.08421057107347395,0.0827028976230442,0.08363257749104194,0.08387401352945335,0.08410429913011319,0.085089763253359,0.08292804034932638,0.08170834896043387,0.08289788613281278,0.08279085181604563,0.08510878283795933,0.08095196780293629
2013-12-16,0.08342299193204933,0.08156393693871204,0.08256167980294091,0.08349027626729061,0.08396281278712968,0.0848708222932926,0.0843793093536166,0.08172657045018406,0.08376625712285388,0.0844595804877339,0.08445976423562399,0.08133599832857244
2013-12-17,0.08411594655539988,0.08353457670871636,0.08420570189828441,0.08400947957931502,0.08342729483786096,0.08516639003532435,0.08224661944146779,0.08128107780992183,0.08454392857116372,0.08362015403670514,0.08385865268717219,0.07999017783866837
2013-12-18,0.0847281673685335,0.08113933655863306,0.08499440687436037,0.0831925002749378,0.08457005420637949,0.08387047584888528,0.08393333520243808,0.08068434803337103,0.08479135967442468,0.08324932204466531,0.08417714291531192,0.08066955099805942
2013-12-19,0.08530567825797127,0.08296665476386454,0.0861690631996118,0.08373542088565189,0.0840975760526899,0.08394616733235256,0.08225020603857422,0.08154390393753176,0.08424287041007741,0.08230218675199807,0.08324187203928268,0.08019840033039387
2013-12-20,0.08462768092652075,0.08023164912050398,0.08612336083087833,0.08341763694910788,0.08505844567714366,0.08278406208898574,0.08405977426507395,0.08050739396899993,0.08436558667563382,0.08294351604640347,0.08449215976546655,0.08138873368528206
2013-12-23,0.08446752587420484,0.08137095279193497,0.08532866801079993,0.08345203754810222,0.08332443350617487,0.08377912830485888,0.08390624815521495,0.08124255373062698,0.0844111563773696,0.08329196915893232,0.0838506767196855,0.08157464982209499
2013-12-24,0.08557896065545305,0.08036925744765308,0.08721909535586692,0.08297157384098254,0.08520609998717246,0.08246959814050303,0.08365815942056665,0.0804261690518939,0.08403580013826432,0.08172847345826131,0.08484055028414768,0.08149626221923507
2013-12-26,0.0859087820335984,0.0816372404505615,0.08823054895403148,0.08349581404678443,0.08430258429683321,0.08330431684073943,0.08240271816084259,0.08069835358118888,0.08482971673759535,0.08164393658848311,0.08331302232354856,0.08023296598579291
2013-12-27,0.08549618639428562,0.08148793053962151,0.08713408615977519,0.0842243181403452,0.08367265506148637,0.08239844555247174,0.08341731191380443,0.07999301019111482,0.08413681171607122,0.08235979753996492,0.08453286225828605,0.08114658453277297
2013-12-30,0.08431287195224714,0.08067240326850951,0.0858459809314091,0.08335099945669328,0.08389427976787776,0.08344483413805849,0.08414266559228609,0.08103441936888268,0.08480573199125702,0.08367504168169554,0.08363331664694584,0.08118745520413756
2013-12-31,0.08524821334527932,0.08109282046191928,0.08541259758224473,0.08372915399107943,0.08461763413619675,0.08318650446689489,0.08406918771424271,0.0798833114551799,0.0848929157558309,0.08341583845050378,0.08385585360653457,0.08059596903409366
2014-01-02,0.08473717520180217,0.08104728804881682,0.08622279612449071,0.08331810834086156,0.08341779590432634,0.08329352661461221,0.08412706697914085,0.07996645186744558,0.0854269328271017,0.08341457162577907,0.08337442049217861,0.08165386597344441
2014-01-03,0.08582532238198946,0.08169290020335464,0.08721037940579518,0.08334120539116406,0.08483096895113146,0.0823252637391245,0.08333826690089123,0.07964507513758737,0.08483023468187263,0.0822751137819056,0.08394060364220804,0.08074466578297596
2014-01-06,0.08437384548125308,0.08047483421171443,0.08699355487473667,0.08394725790156199,0.08323159590297759,0.08221115899182961,0.08419500296051692,0.08076691727114307,0.08450856297302232,0.08303716428452941,0.08394116422859299,0.08231894091812206
2014-01-07,0.08602670831057986,0.08015443209555556,0.08788160128494558,0.0827325748757679,0.08487928809527294,0.08187836072181157,0.08404972279454617,0.0793197088018143,0.08632047461171832,0.08249811443899331,0.08361536007328543,0.08064365389570918
2014-01-08,0.08529074796662135,0.08013328778502281,0.08769850341187672,0.08324639860539701,0.08433062443503674,0.08256215148762872,0.08384283307615503,0.07960225972792502,0.08616851766224473,0.08317079567223232,0.08322056002379707,0.08073332014606256
2014-01-09,0.08525618277432039,0.07944898075145593,0.08674388187269029,0.08309303230261395,0.08482512571316499,0.08206762790524194,0.08525506259226365,0.07922004772467718,0.08596358576520267,0.08372800362069212,0.08364619528910952,0.08075227368856729
2014-01-10,0.08485491014269456,0.08182003991012171,0.0859024502960527,0.08452847272124385,0.08457936799197828,0.08253192089295247,0.08389512330370898,0.07985536520155323,0.08305518092182759,0.08293058196233775,0.08513303667339263,0.0809135499821364
2014-01-13,0.08532308565301161,0.08124844911895109,0.08673243601609947,0.08433335066804726,0.08396257156447053,0.08202234685864948,0.08417759280155167,0.07908271425021145,0.08523588905386094,0.08316015172883538,0.08384692163495806,0.0808744906513531
2014-01-14,0.08503259589432827,0.07994753746435088,0.08749856887646246,0.08333191611910082,0.08412525145700119,0.08170562067729302,0.08497449015915745,0.07949102495286037,0.08567972356911398,0.08323321237424111,0.08330032308530705,0.08167973537078362
2014-01-15,0.08475484198804384,0.08021015291544363,0.08656215614493996,0.08298979309548464,0.0837608849845717,0.0828792498023094,0.0849367979402285,0.0795373555189535,0.08599308428896107,0.08416396317690653,0.08301989352818905,0.08119182661596812
2014-01-16,0.08529371515053878,0.07975814939213716,0.08746806381325195,0.08309077086524826,0.0843191302330697,0.08161852568188183,0.0848296107894562,0.07954205594529894,0.08583774081271024,0.08305738850630118,0.08365369816699578,0.08153115064310981
2014-01-17,0.08484983117641087,0.08062368623869103,0.08636086303420716,0.08318552325564631,0.08442782543306307,0.08397199921426336,0.08337811484145081,0.08012555974105474,0.08614174501596246,0.08376611009736752,0.08352486483160744,0.07964387712027522
2014-01-21,0.08573231096844627,0.08219661193202013,0.08702497408790136,0.0839185444036022,0.0845965335824049,0.0822751728264497,0.0831418453076182,0.07970424798599171,0.0839717819501599,0.08214953350223513,0.08457619984982179,0.08071224360334867
2014-01-22,0.08477829207736172,0.08086055216312445,0.08684654164283266,0.08329666016750058,0.0846936599486448,0.08382635452250584,0.08361784980402193,0.08091442141523177,0.08497857467660735,0.0825105156336804,0.08343437337099519,0.08024220457749322
2014-01-23,0.08475869447694588,0.08115749609110433,0.0853078831069782,0.08352470839634862,0.08404627820793492,0.08293504063686248,0.08420816633487667,0.0804586169314286,0.0853660365032351,0.08386514765769178,0.08331447448395027,0.08105745717264329
2014-01-24,0.08305642637410351,0.08087009408733271,0.08306499107169127,0.08267306254367174,0.08253366265772656,0.08394926203998207,0.08570659507452374,0.0795898033688449,0.08720128493912796,0.0866122494821813,0.08269247094522329,0.08205009741559088
2014-01-27,0.08438131549020941,0.08061580971485202,0.08452239419081727,0.08256703340839518,0.08413448627943482,0.0829304493367459,0.08512012138311628,0.07985857194951869,0.08625510373599445,0.08460585762325311,0.08333245437301758,0.08167640251464521
2014-01-28,0.08440059812175679,0.08137077967406511,0.08538319618603578,0.08382059912145337,0.08280201063436475,0.08248102232473645,0.08428039267851396,0.07936620945666702,0.08603785910924751,0.08441887879638038,0.08354089315987023,0.08209756073690883
2014-01-29,0.08394425238446801,0.08034139707073537,0.08538576553333407,0.08274807508726016,0.08355873485788039,0.08246936460297191,0.08543795215722343,0.08010951770699742,0.08624929787075317,0.08459570313425555,0.08279255424557198,0.08236738534854829
2014-01-30,0.08425465240861874,0.08054450382474025,0.08572050837091864,0.08363636592373831,0.08334297148892413,0.08158898109485815,0.08484858679938492,0.07927235233918377,0.08760663174892674,0.0853403700379192,0.08253256657803741,0.08131150938474956
2014-01-31,0.08406577577493989,0.08080479012699984,0.08414513644099707,0.08134667381120736,0.08386599899428944,0.08354772624371827,0.08542029060292027,0.08039584885492697,0.08743409274423869,0.08507752346022492,0.0819756888880559,0.08192045405748141
2014-02-03,0.08431073257719104,0.08161657989940045,0.08481964076724448,0.08306662563121976,0.08349536064421294,0.08254552888398807,0.08429851088534016,0.0802479136272174,0.08753628788978182,0.08450764169509646,0.08230773996620587,0.08124743753310164
2014-02-04,0.08386220943049708,0.08050565812482034,0.08493444267898306,0.08225822889851113,0.08355126495636979,0.08242084344033476,0.08568287593031705,0.08025800747550539,0.08750233643984057,0.08518205368315496,0.08160931888032456,0.08223276006134118
2014-02-05,0.08318103285938111,0.08087551394173632,0.08338155054873167,0.08277802310752701,0.08214248382552239,0.08259713410879845,0.08597881034359084,0.07989353816191685,0.08656388970683399,0.08611086079636075,0.08268998668374873,0.08380717591585193
2014-02-06,0.08531069907388764,0.07877412064853961,0.08731159659054877,0.08152802969275362,0.08412869420163643,0.08038575137736619,0.08595164223953734,0.07904320277361163,0.08880117135166742,0.08415819388320452,0.08172129318630574,0.08288560498094108
2014-02-07,0.08534201128088371,0.08015902655782993,0.08753676044256767,0.08331569483295628,0.08293949684650784,0.08053226892607636,0.08473684371317353,0.07897238439683534,0.0879490724056647,0.08429586834432265,0.08182054512762374,0.08240002712555834
2014-02-10,0.08577128860627568,0.079958664496006,0.08873113605422286,0.08224333986501726,0.08308158168396301,0.08053339344481442,0.08539416059922868,0.07951650486077733,0.08840422923789076,0.08314453351886188,0.08080576822058008,0.0824153994123621
2014-02-11,0.0857733131197952,0.07931861685445005,0.08909504545042228,0.08323323690808605,0.08405091534608591,0.07917452379696223,0.08514277716902746,0.07948239834863147,0.08610696579710717,0.0822997563852259,0.08299260951454993,0.0833298413096563
2014-02-12,0.08566240473819896,0.07987718754148433,0.08885049889920832,0.08258665624353734,0.08297695065137999,0.08108794261670747,0.08500247675383638,0.08016628987928215,0.08812173315223157,0.08282528823321382,0.08025471893639671,0.08258785235452312
2014-02-13,0.08583269315828806,0.07915781718858501,0.08893678273270827,0.08184428505488135,0.08427741141290718,0.08052729730485399,0.08551303488794584,0.07965651335389151,0.0873881420917372,0.08212780907484403,0.08188038618081539,0.0828578275585422
2014-02-14,0.08628600923500326,0.07997361301355933,0.08921947517703373,0.08311263772375334,0.08336459302906857,0.07983511694843445,0.08460929352183406,0.07897203443343853,0.08719774176087093,0.08253223317565755,0.08188327200634302,0.08301397997500322
2014-02-18,0.08581249077945505,0.07938227951530526,0.09011656993284695,0.08197592916244482,0.08291706695490701,0.08078651562380547,0.08512038934307252,0.08033018181566479,0.08785872096368973,0.0820033300568835,0.08094682416712108,0.08274970168480368
2014-02-19,0.08594091102009359,0.07904577896295739,0.0895193210847572,0.08249911332610686,0.08393716720125159,0.08050710115184453,0.08468921013636731,0.07906697470025408,0.0876597586998642,0.08246480448810674,0.08247320629081117,0.08219665293758542
2014-02-20,0.0850922618034766,0.0790253723555769,0.08783623246018038,0.08305633232795787,0.08364986481749069,0.08020302658239492,0.08563370320418771,0.07938444715772247,0.08715342572477376,0.0837960777413888,0.08251103310425482,0.08265822272059517
2014-02-21,0.08502365677813536,0.07768935578767026,0.08923718514996913,0.08121372234267729,0.08402492288686894,0.08117443099232989,0.08587474666526348,0.08036701604765215,0.08818908697165424,0.08277118501732629,0.08154915145767107,0.08288553990278182
2014-02-24,0.08491468060808464,0.08020952033603407,0.08693622268565239,0.08328880800274654,0.08430950562492243,0.08132334689016187,0.08494148288857623,0.07973867115284604,0.08524864848106185,0.08290133239736219,0.08390052156877759,0.08228725936377411
2014-02-25,0.08596284537868648,0.08191936890626458,0.08890633368331025,0.08366474575680886,0.0832208658531489,0.08166939982617408,0.08289283586421825,0.08044927108764229,0.08582707250139135,0.08149069314287637,0.08223056095117932,0.08176600704829932
2014-02-26,0.08551708519588445,0.07884051748898062,0.08870386086157711,0.0819577169267951,0.08478155423429815,0.081578094678897,0.08465059274636641,0.08100986006678752,0.08567415963605048,0.08162730533711313,0.08307957734373062,0.08257967548351942
2014-02-27,0.08551467622921857,0.08087001072534863,0.08791755312157237,0.08378557540217722,0.08348099641435304,0.08150652682669922,0.08391812274900484,0.08021005308269465,0.08504090086518461,0.08226082854110739,0.08331038632754438,0.08218436971509509
2014-02-28,0.08495417042205801,0.0786152987390815,0.08763144245812454,0.08197818290926102,0.08461386801471839,0.08285734524794167,0.0847067656998492,0.08097104935760001,0.08629713705045654,0.08272138439673629,0.08296662225383708,0.08168673345033564
2014-03-03,0.08439391375665477,0.08042479644991618,0.0851849337853902,0.08245513481958096,0.084131795755086,0.08334183613428331,0.08500921416495048,0.0802693532261016,0.08525238128151554,0.08404724503412567,0.08369487336720441,0.08179452222519083
2014-03-04,0.08453913589912976,0.08245968505241627,0.08431140394856965,0.08522878024624055,0.08432442713135581,0.0827818239377872,0.08335073643913125,0.08061166510688324,0.08118689329822447,0.0826348620519347,0.0868101416961268,0.08176044519220023
2014-03-05,0.08470560159198921,0.08269103984858053,0.08654847439017585,0.08418745895632895,0.08361105538103941,0.08475121111109071,0.08197542661112224,0.08262955922178175,0.08341259910142301,0.08140656720060711,0.08359728898795021,0.08048371759791093
2014-03-06,0.08474649276736566,0.08246784686571873,0.08446407934045924,0.08500595121146984,0.0844772190220522,0.0827868333705867,0.08358577977963873,0.08058328648069474,0.08202985058357569,0.0823728974239661,0.08589718826398583,0.08158257489048652
2014-03-07,0.08391341233946246,0.08262984837917661,0.08368963287984012,0.08443873935595383,0.08282557789430446,0.08532421897095456,0.08289452846490844,0.08156511415263658,0.08336105431271625,0.08430092058334081,0.08437792653374444,0.08067902613296135
2014-03-10,0.08499039283183892,0.08236155887609066,0.08559789238149017,0.08295909910111923,0.08504248163996532,0.08509392145443749,0.08241472669746519,0.08156399217097042,0.0834000190712118,0.08196906027692337,0.0846253401206223,0.07998151537786496
2014-03-11,0.08422485004098194,0.08302389775365207,0.08386210953024316,0.08473813264323991,0.08383661342982604,0.08487252040401663,0.08201592355519864,0.08113968041555433,0.08240153744355934,0.08282224266323301,0.0862870171814084,0.08077547493908659
2014-03-12,0.0846487269075351,0.08342683760272715,0.0844917633824159,0.08370396263822363,0.08476780627769916,0.0856727590645164,0.08172450466735748,0.08219150531327195,0.08314800010770364,0.08252883145722308,0.08474611543486711,0.07894918714645958
2014-03-13,0.08377340586568674,0.08243510208325264,0.08448714736636503,0.08403876938993622,0.0843864955615721,0.08490226426207208,0.08253092907306592,0.08169095192384757,0.0832499706090587,0.08295694103960499,0.08498282022329968,0.08056520260223834
2014-03-14,0.08370072302695057,0.08334375335960628,0.08162415721275096,0.08366489299110565,0.0844021212625037,0.08577182847001223,0.08317228478310157,0.08142124271630558,0.08381965905447764,0.08460674078579268,0.08477527692391765,0.07969731941347556
2014-03-17,0.08335874692888874,0.08250999076568433,0.08424554859177441,0.08379549507917079,0.08420897528749728,0.08554324058151036,0.08260082483759977,0.08276988150695787,0.08359940615818967,0.08324942004404799,0.0840944043072779,0.08002406591140106
2014-03-18,0.08449031588030526,0.08216980728393068,0.08391787872580214,0.0848698141628293,0.08506607011109699,0.08326454864465632,0.08343832295774041,0.0800066289379061,0.08235447557076797,0.08315311458425209,0.08647652154039469,0.08079250160031813
2014-03-19,0.08392873355143148,0.08361757738487016,0.08362524703564915,0.08436745581211094,0.08312802761265643,0.08444569742729999,0.08254186806948478,0.08085804432677275,0.08313276826856789,0.0840318183034658,0.08507019012470292,0.08125257208298765
2014-03-20,0.08538783342019016,0.08166197845259011,0.08616543469244646,0.08261846064435494,0.08549133819651072,0.08429134417490126,0.08211296726178748,0.0813687870938282,0.0849464537038574,0.08230518132032173,0.083982366405559,0.07966785463365254
2014-03-21,0.08436712279216659,0.0827083127760977,0.08417843721095927,0.08353241476907014,0.0845701838150997,0.08502614404022578,0.08286854542824656,0.08207799280417662,0.08311164075867268,0.082796666298661,0.0845589699352301,0.08020356937139386
2014-03-24,0.08439521730482302,0.08120970286036945,0.0853599011030366,0.08389912430978282,0.0852812947921531,0.08365487391272101,0.08329803041066415,0.08152894939057931,0.08318071175398002,0.08214225482003372,0.08536842510259345,0.0806815142392632
2014-03-25,0.08513451152109051,0.08287997319590434,0.08586859265671513,0.0831592979768792,0.08460266222094451,0.08420854656698827,0.08200987657385522,0.08106759539512833,0.08381508950313249,0.08244753799919713,0.08458310065267347,0.08022321573749136
2014-03-26,0.08474765210277269,0.08340999667011426,0.08454488399913222,0.08446265450286158,0.08379462432329539,0.08383303382925644,0.08276917843028207,0.08043742387011918,0.08342265324674679,0.08334877017213993,0.08467438336304146,0.08055474549023814
2014-03-27,0.08519417885405041,0.08203379685112336,0.08546436188344866,0.0844379930336201,0.08445543146157512,0.08239483962862573,0.08288127844277078,0.0811121604337018,0.08334614351596208,0.08271546945309927,0.084702922041363,0.08126142440065984
2014-03-28,0.08535085049004061,0.08308945264078091,0.08592733959870101,0.08308810754022916,0.08388306915773819,0.08459441720609404,0.08209518897061027,0.08151861474173451,0.0852726216399396,0.08272074860413997,0.08255947656562511,0.07990011284436668
2014-03-31,0.08588255786696466,0.08198031149149289,0.08721823837581498,0.08383700025212212,0.08413256606128272,0.08227281062727392,0.08261523411328997,0.08092027650494799,0.08411219344407819,0.08150690155196372,0.08442476564045322,0.0810971440703157
2014-04-01,0.08562133669845334,0.08314043397764898,0.08568772199360167,0.08334295028545277,0.08525555607161453,0.08436435009321713,0.0815166513240187,0.08078014240487905,0.08366356732369408,0.08215527703118947,0.08508991370403264,0.07938209909219779
2014-04-02,0.08532816700577756,0.0820038644194109,0.08597504952699452,0.08402454821121641,0.08403365331782449,0.08368330967536451,0.08262231022101917,0.08190931721291345,0.08324822248239012,0.08189891144003648,0.08415261103674782,0.08112003545030466
2014-04-03,0.08514112430391309,0.08188234314752807,0.08568950077773829,0.08435048099875504,0.08398780389918337,0.08353297479960663,0.08294463423191598,0.08119171816640722,0.08387210710732927,0.08211752318190371,0.0846879859135744,0.08060180347214485
2014-04-04,0.08546494671639902,0.08307681609972743,0.08656507267100695,0.08372357846823202,0.08499703535596988,0.08338919871996443,0.08243984053588907,0.08185809016743081,0.08330173600774311,0.08123731504877718,0.08349519830380085,0.08045117190505913
2014-04-07,0.08539752935286155,0.08163010460511559,0.08627048643557772,0.08364178691364993,0.08429912320439872,0.08366334053562009,0.08312932952248722,0.08118792252979477,0.08472570643719238,0.08185067685718979,0.08352408756104816,0.080679906045064
2014-04-08,0.08508127203575065,0.08279224405987562,0.08554292207695016,0.0826550400599541,0.08466994531661676,0.08411851632359464,0.0824502734966752,0.08102879610869135,0.08468981454191318,0.08266367241834502,0.08412249569450665,0.08018500786712679
2014-04-09,0.0846442620026091,0.08193695471564097,0.08657232709809286,0.08417736113258294,0.08332344466540288,0.08308352354025575,0.08292283176117152,0.08095802793766695,0.08442454233537156,0.0827372595343136,0.0841070663741084,0.0811123989027834
2014-04-10,0.08417128137473547,0.08014433387120572,0.08536998149386066,0.08247555255621591,0.08402554830252376,0.08332087194736043,0.08499936092261837,0.0817525149233262,0.08522884775381848,0.0832932035106808,0.08343144403051887,0.08178705931313532
2014-04-11,0.0851102297918889,0.0822571328894992,0.08554759299979953,0.08346798156145391,0.08406820811766312,0.0825017065445468,0.08290212389179424,0.0803535206598478,0.0857670502441619,0.08349396025973355,0.08353577801810778,0.0809947150215031
2014-04-14,0.08545406210974732,0.0816935267340817,0.08747357953359673,0.08205534543444983,0.08444822000742462,0.08318483180853536,0.08286831365812589,0.08143033048266456,0.08545709595512761,0.081368076355744,0.08302367544376324,0.08154294247673924
2014-04-15,0.08489725253790292,0.08069021728061386,0.08744826558171544,0.08363189148123047,0.08453950327557519,0.08218839288802017,0.08344630505199854,0.08229396040481349,0.08417648820896,0.0809429679909428,0.0838417711974974,0.0819029841007297
2014-04-16,0.0857541317918998,0.08114992803630756,0.08803599348334591,0.08320848640869948,0.08399539146638535,0.08109895105415363,0.08332291133432261,0.08120508697344957,0.08547567349607123,0.0817028888800783,0.0824094299945363,0.08264112708075018
2014-04-17,0.08554307185975014,0.08164186766958323,0.08776842198163691,0.0830849721604837,0.08301210548945002,0.08299327533068028,0.08287700539326642,0.08041399335001137,0.08678341223331973,0.08291090427971558,0.08167060921101828,0.08130036104108428
2014-04-21,0.08650026981775383,0.08022538134786412,0.08823761558211987,0.0834615425916972,0.08445252806884754,0.08111474796116332,0.08401194033935884,0.08054198598822722,0.08507114991855597,0.08126753784252456,0.08310564782572477,0.08200965271616259
2014-04-22,0.08508908166168616,0.0804722990104539,0.08669608666974908,0.08362562265189102,0.08449072653377197,0.08208416677905388,0.08434560656762012,0.08098096189823689,0.08434295866720405,0.08228942067282119,0.08342903461170274,0.08215403427580899
2014-04-23,0.08516147201395886,0.07992914172985172,0.08842514047558052,0.08346451231431039,0.08351380945131155,0.08168829479340986,0.08475395987023278,0.08044929875863814,0.08511530465390572,0.0820935529837907,0.08263108614532101,0.0827744268096887
2014-04-24,0.08510811101169952,0.08135422458009796,0.08616955358976312,0.08385322621645656,0.08328449213357467,0.08128573503135646,0.0841367047194065,0.07893536631780378,0.08437794635538809,0.08334961715457931,0.08550017488179036,0.08264484800808376
2014-04-25,0.08556028047119302,0.08097091601308062,0.08804738684981656,0.08279072813678809,0.083713318419743,0.08224587426287047,0.08357457247962065,0.08075749160505427,0.08616897163321634,0.08255158123701582,0.08188306695824706,0.08173581193335415
2014-04-28,0.08607459702841681,0.0802552321485595,0.08997883913255092,0.08370909897225305,0.08435062984189863,0.08094999154435539,0.08343299383315611,0.08048805710823319,0.08596632523801898,0.08079696898787384,0.08285936528947771,0.08113790087520577
2014-04-29,0.08603250698369921,0.08113593190517143,0.08939425946646132,0.08312114573955275,0.08407274934162277,0.0817752606580883,0.08288852211679304,0.08058366949462538,0.08619449056775524,0.08144599848891958,0.08237343109901496,0.08098203413829609
2014-04-30,0.08513961636329029,0.07859700326080996,0.08870010637895016,0.08213810976758826,0.08425777023767854,0.08162527025608102,0.08493042057343055,0.08023959404227227,0.08741156764257922,0.08320357451214179,0.08190947763032007,0.08184748933485782
2014-05-01,0.08553753237287522,0.07934619303102558,0.08780004104135454,0.08196955821560485,0.08454005079066297,0.08155743890506793,0.08463630533651134,0.07876860619728253,0.0877969034128291,0.08361776467746479,0.08276997870945207,0.08165962730986898
2014-05-02,0.08527445323761586,0.08067899146113928,0.08737607736065922,0.08349459878121698,0.08409746573576114,0.08113319507152342,0.08433850139324608,0.07948312140397881,0.0857629734039339,0.08325982472174867,0.0832778725823177,0.08182292484685891
2014-05-05,0.08550069430414318,0.08030496218558963,0.08817009263088713,0.08346064303396532,0.08394804164365856,0.08173853676072047,0.08408736331117936,0.08066600613288923,0.08598148818756207,0.08209612081552498,0.08245935343513547,0.08158669755874454
2014-05-06,0.08470042171569926,0.07974475907329927,0.0858083969792189,0.08352195929554582,0.08407845963605609,0.0815762413936973,0.08579296560423474,0.07923294689386783,0.0846522184232225,0.08368141040251113,0.08444956650051308,0.08276065408213397
2014-05-07,0.08545072324806446,0.08072833856070089,0.08748823944406417,0.08381458901253035,0.08352271984547771,0.081844740002092,0.08442183471055058,0.07910303166413034,0.08566184730254163,0.08298354017410739,0.08305546663082049,0.08192492940491991
2014-05-08,0.08471561555283935,0.07836602363151021,0.08712504955739026,0.08249754409092772,0.08479617953181193,0.08235118436467538,0.08550268458947644,0.08019593244354319,0.08606921365708328,0.08343611079440677,0.08334072919999178,0.08160373258634379
2014-05-09,0.08457221226429057,0.0824547410964291,0.08531353130180733,0.08479420189361403,0.08429137989087264,0.08293797412735962,0.08314603062094189,0.08017005411452072,0.08324178481547682,0.08328213671784238,0.08543090225845142,0.08036505089839334
2014-05-12,0.08584134478271595,0.08271597766710141,0.08791733225789464,0.08436395660224967,0.08481926596146296,0.08321865290006182,0.08176946876487107,0.08102331563549375,0.08290822262087005,0.08075129412699081,0.08477205438052723,0.07989911429976079
2014-05-13,0.08663532178072635,0.0835025359473435,0.08772852113309539,0.08366707859842644,0.08525845565809557,0.08407493300620017,0.08055788743611737,0.08113115373474228,0.08399005919391461,0.08073572658811698,0.08403803163650903,0.07868029528671243
2014-05-14,0.08511128531933516,0.08116690119684346,0.0857618728142352,0.08337002942202751,0.08523786468163956,0.08367270427261306,0.08298850602073674,0.0814668490016362,0.08350592036837255,0.08259623655815702,0.0849012068120648,0.08022062353233889
2014-05-15,0.0840443526155865,0.08191683731453966,0.08444147808612358,0.0833810107324671,0.08404248756146546,0.08549105598340909,0.08302084461862798,0.08191368022493258,0.08413862577619526,0.08368852531032113,0.08408333246408005,0.0798377693122517
2014-05-16,0.08481524845584847,0.0822049943699041,0.08483267741457438,0.08389341351927679,0.08448406001410434,0.08402129017475607,0.08304465325593478,0.08081197680989456,0.08305913771344597,0.08250371771286096,0.08563727829350325,0.08069155226589637
2014-05-19,0.08496163220216851,0.08251004027934335,0.08513084055542262,0.08439275164023309,0.08410371429829144,0.08398568186681123,0.08231993197015477,0.08070415796230891,0.08269445906265321,0.08270647392410277,0.0855982786843547,0.08089203755415536
2014-05-20,0.08536074617639378,0.0821522276377149,0.08709534284898428,0.0846722351929593,0.08451606477802741,0.08299860872239806,0.08270031197869522,0.08089160622995506,0.08282159419177473,0.08153612659576648,0.08447024242580585,0.08078489322152485
2014-05-21,0.08519877915474254,0.0817753204176576,0.08552251730345797,0.08430116598811138,0.08444851418569119,0.08374952538218833,0.08317058260624895,0.081260817305419,0.08399676418245082,0.08240369788888396,0.08377005154247655,0.0804022640426719
2014-05-22,0.08553602905783868,0.08312223330770845,0.08557715900462455,0.08398906530570122,0.08438314645300551,0.08424909951154898,0.08203464244105106,0.0812302820426838,0.08432290517055005,0.08243845714387117,0.08375640567517878,0.07936057488623774
2014-05-23,0.08523591868336709,0.0816904509747298,0.08718185671907745,0.08413636326983734,0.08562903688860297,0.08385593769448264,0.08235111162744689,0.08120531629569215,0.08298822464802556,0.08134182935376583,0.08470941108696345,0.07967454275800882
2014-05-27,0.08574238118144926,0.08265055878930273,0.08699127986933632,0.08457962580379118,0.084793443960451,0.08336244405961221,0.08183833625078835,0.08067228528017278,0.08242368723206521,0.0812396771585833,0.08561560485342753,0.08009067556102002
2014-05-28,0.0848334906376899,0.08210782772693252,0.08636858342628424,0.08375228563955218,0.08432090283669899,0.08347076918046342,0.08258993013414725,0.08094498450148804,0.08375408465996756,0.08249009638491545,0.08486331688601206,0.08050372798584839
2014-05-29,0.08569632511774652,0.08075715189854395,0.08753205268350218,0.08357052195643502,0.08535031062479398,0.08291586443777536,0.08270492100591555,0.08077094646554013,0.08408209042853218,0.08183907406906578,0.08503799441054227,0.07974274690160722
2014-05-30,0.08509558539050277,0.08094981557707229,0.08697168207068708,0.08359736600542879,0.08489062986741137,0.08382792725194839,0.08317540834357398,0.08136324533399716,0.08397528377844007,0.08207075509556408,0.08398412433737877,0.0800981769479953
2014-06-02,0.0856035470298391,0.08140998838766918,0.08739019646755183,0.08305841457111299,0.08558877726475762,0.08322937565095381,0.08251673460846862,0.08080813369010886,0.08365093001089675,0.08139957289363817,0.08485499035363629,0.08048933907136675
2014-06-03,0.08476999217446124,0.08185230942387227,0.08510497824020925,0.08381581512919226,0.08457787421541306,0.08440883268986694,0.08290165712261414,0.08086521849812194,0.08347019706950733,0.08317801142213775,0.0851441300452631,0.07991098396934081
2014-06-04,0.08455118839873517,0.08275111970192227,0.08430731932806017,0.08494212537274827,0.08395352762852186,0.0840777266134175,0.08289499268252497,0.08145446738581007,0.08203632704465563,0.08262687258465608,0.08555634903980919,0.08084798421913895
2014-06-05,0.0855485795480259,0.0822629631497325,0.08596974369359943,0.08379808987747502,0.08472005837429672,0.08446680182849703,0.08206927695508481,0.08164038961073584,0.08300386436587434,0.08149074283709544,0.08428440760279449,0.08074508215678843
2014-06-06,0.08614098417070454,0.0827059967394909,0.08820353233879397,0.0834750104340583,0.0845854327418067,0.08403714400288995,0.08179530913610066,0.08161536996710507,0.08348823386817292,0.08057237004443588,0.08342259929106485,0.0799580172653763
2014-06-09,0.0859027870881718,0.08145515995868753,0.0875360871863148,0.08417002575452165,0.08504262724920915,0.08291176945563429,0.08244054583596766,0.08099820537856774,0.08312504899581141,0.0811855444726032,0.0851015079449694,0.08013069067954129
2014-06-10,0.0858072292477927,0.08297223669143679,0.0863653686846062,0.0837747888357003,0.08509964178235087,0.08430172810338239,0.08147325558363971,0.08087032836631149,0.08332253655418581,0.08189548774195379,0.08501045415060288,0.079106944258037
2014-06-11,0.08558073812761166,0.08170978567135842,0.08694758289205454,0.08453373792850773,0.08456009613726992,0.08300751603391775,0.08234264210770934,0.08029348640736032,0.08323977754547802,0.08174152271467355,0.08565015657405531,0.08039295786000339
2014-06-12,0.08491524840914391,0.08183571938772262,0.08547356183202073,0.08392576203604736,0.08495644381368667,0.08427243307915382,0.08322652835636667,0.08123103936096235,0.0831445363980524,0.08263263017768968,0.08478978713195956,0.07959631001719436
2014-06-13,0.0848859860400122,0.08316501139139364,0.08512033864363448,0.08525491586061218,0.08451094191715398,0.08384023155694066,0.08246756050067294,0.08108961848058481,0.0818107962744478,0.08210267866521685,0.08555786407854084,0.08019405659078947
2014-06-16,0.08466289272348085,0.08254988815007426,0.08473850571686771,0.08461941249930638,0.08412305914100723,0.08448375508392846,0.08219359290715472,0.08103991533877218,0.08299818497520078,0.0825928444079312,0.08580687300315006,0.08019107605312616
2014-06-17,0.08485082854950594,0.0833234456534461,0.08542303338959699,0.08424775694114849,0.08496850208439417,0.08491833212418963,0.08159512389459152,0.08152544145297212,0.08274102107170092,0.08212650235733496,0.085240225372873,0.07903978710824613
2014-06-18,0.08467142364080857,0.08217962015005019,0.08562276545091146,0.0846106002082415,0.08489435853530396,0.0848795821212206,0.08224064954960401,0.08182305441711202,0.08205311969917159,0.08212361278949953,0.0852613270297954,0.07963988640828112
2014-06-19,0.08559599386783585,0.08389064024707088,0.0852473579737095,0.08409690906924538,0.08514222534576746,0.08553202314112637,0.08102449394340537,0.08202683879807368,0.08220084515844245,0.08143585760823555,0.08511462869989492,0.0786921861471926
2014-06-20,0.08542866341973808,0.08201394645314133,0.0868077943362017,0.08383656827870878,0.08588685613346059,0.08452895799790257,0.08143600749624731,0.08205436494084975,0.08209198665321223,0.08073419220754395,0.08566227225842396,0.07951838982456974
2014-06-23,0.08498368158480794,0.08266729699163074,0.08551133515085371,0.08409093885517444,0.08559660371942894,0.08558896834635443,0.08164882637667703,0.0823647001567749,0.08172078646074964,0.08081237801511267,0.08576603971819922,0.0792484446242362
2014-06-24,0.08493004597541316,0.08348005096912708,0.08475473578916987,0.08392509030872637,0.08487792121583933,0.08562098745640206,0.08169647710545314,0.0821587967297772,0.08191618595856062,0.08140493751235085,0.08558208535827655,0.07965268562090372
2014-06-25,0.0848212948157056,0.08291475932465196,0.08463905705902637,0.08455779058994588,0.08438198826018745,0.08461941441467206,0.08205905398886094,0.08121794453418654,0.08205113254572993,0.08270223375947126,0.08604161786694607,0.079993712840616
2014-06-26,0.08431762532890918,0.08279399456774802,0.0848054798453008,0.08485494000532341,0.08403418742406157,0.08502026257256169,0.08241783256483029,0.08168802841066783,0.08194464893880714,0.08277155978258711,0.08543868205594467,0.0799127585032582
2014-06-27,0.08535761021029672,0.08219257391271793,0.08582779286749304,0.08471527819723529,0.08529254222536635,0.08362125933196006,0.08207246372438375,0.08077857872090484,0.08238294850150661,0.0816856543004379,0.08611081556434981,0.07996248244334776
2014-06-30,0.08547946347800538,0.08368721542547732,0.08527139386742474,0.08446260685123493,0.0843982731606122,0.08495366031301635,0.08151725236159416,0.08099718128638501,0.0826280241609158,0.08210516164193175,0.08525979781692905,0.07923996963647349
2014-07-01,0.08511283720136124,0.08254766205999015,0.08565456156851739,0.08443875722172377,0.08431892949195921,0.08432152771345061,0.08215938810861294,0.08128484241534341,0.08310120861029359,0.08234270811338133,0.08507471521697635,0.07964286227839008
2014-07-02,0.08524744179664001,0.08229761063955765,0.0863995388319235,0.08435474939529988,0.08485958456413718,0.0837168510358207,0.08206740914907802,0.08129425838939401,0.08218752426365517,0.08165160806891843,0.08550937954022814,0.08041404432534723
2014-07-03,0.08560262816815399,0.08224733163589489,0.08727016023039078,0.08434172330695819,0.08525101071001007,0.08407994742732848,0.08177633374677722,0.08165239662061238,0.08311259593759923,0.0808875181174208,0.08421808355350227,0.07956027054535185
2014-07-07,0.08566226656161809,0.0818071862868011,0.08648857483432386,0.08354668760317084,0.08507534093914283,0.08444878243977194,0.08216173627820958,0.08130137139347499,0.08392684181110774,0.08166294808554282,0.08464521193489272,0.07927305183194362
2014-07-08,0.08472219316163296,0.08177867618272561,0.08468175268141069,0.08359331687164213,0.0848612828055487,0.08445588001485281,0.08350675120686732,0.07965689145515872,0.0845875571302428,0.08415831056102024,0.08453076050811625,0.0794666274207819
2014-07-09,0.08489962940491227,0.08102127639734968,0.08646036732320486,0.0838881101496673,0.08409259563350989,0.08336954468297543,0.08374605949743978,0.08015746526086445,0.08460855819723351,0.08333897067160939,0.08376508660735171,0.08065233617388161
2014-07-10,0.08441311330294526,0.08096628200059482,0.08477348113610517,0.08322172613780104,0.08468494923106444,0.0837442127073395,0.08442803087555559,0.07968764808810405,0.08476757040451313,0.08446716900783344,0.0847268835339014,0.08011893357424205
2014-07-11,0.08454223745665015,0.08168689223438402,0.08507137864814707,0.08489960784609192,0.08437093583641009,0.08326802947371387,0.08375636644215252,0.08012168346887133,0.08351322038591066,0.08357692778971985,0.08501086328463117,0.0801818571333175
2014-07-14,0.08475763696591786,0.08102293760775191,0.08492572577933706,0.08362005004924397,0.08414002726144025,0.08399081984367576,0.0840403392953219,0.07944262720034026,0.08507108421622243,0.08412745525372811,0.08470347165580168,0.0801578248712187
2014-07-15,0.08525773463374751,0.08229016780704748,0.08584326554286391,0.08368595728732925,0.0840539830371382,0.0834934753946957,0.0832908894879812,0.07974978364549674,0.08457946979188612,0.08326318270682156,0.08402021023770272,0.08047188042728959
2014-07-16,0.08560994026110626,0.08102725608765451,0.08735392610979405,0.08425637128714297,0.08483361681774781,0.0823026936038865,0.08356621187722998,0.07987209892974971,0.0843372458820021,0.08227809596517013,0.08429565256601894,0.08026689061249707
2014-07-17,0.08446456113645294,0.0814486333640533,0.08526436073801325,0.08265052983116102,0.08379020957365355,0.08425310913955973,0.08403899101586605,0.08035945480706272,0.08647132106308851,0.08430505221235983,0.08267176592069994,0.08028201119802911
2014-07-18,0.0858309504688282,0.08023256258642127,0.08700592964481639,0.08327166898873353,0.08470833869470235,0.08175087104306886,0.08430626831037638,0.0787986061492485,0.08642345727297757,0.0833652706887743,0.08357288802002787,0.08073318813202492
2014-07-21,0.08462967311428617,0.0804908749520792,0.08581070813907131,0.08286324362117396,0.08369100173145443,0.0836347689381298,0.0845784914126935,0.07947164080248391,0.08664361557082592,0.08457862035904995,0.08301846786448303,0.08058889349426895
2014-07-22,0.08478052843690334,0.07979655522131396,0.08627314446338014,0.083521056117866,0.08445444865914493,0.0819205555690723,0.08578276389041345,0.07876553778942925,0.08613510027470499,0.08443747164780041,0.08310613699432931,0.08102670093564182
2014-07-23,0.08472504019636778,0.08071129385428014,0.08548942374440989,0.08396986643089638,0.08344710751319634,0.08258689065182705,0.08485646316391028,0.0792924823025488,0.08550816681550513,0.08451116808826757,0.08365094964710212,0.08125114759168854
2014-07-24,0.08479212217206505,0.08043941375903788,0.08602304593906164,0.0836077369710458,0.08396638458615757,0.08241340086083923,0.0849426314911191,0.07907680567536422,0.08594569073448188,0.08430706075166025,0.08352047668965897,0.08096523036950824
2014-07-25,0.08461662764218794,0.08026899838117416,0.08621325466306737,0.08373157966994145,0.08418005207422176,0.08256515513501297,0.08472660330968941,0.0794284638479801,0.0852068121189858,0.08361717535030881,0.08401965358660829,0.08142562422082207
2014-07-28,0.08491217088219655,0.08104302228955128,0.0858568539369384,0.08314058607096504,0.0841239008826974,0.08326143406401067,0.08431640415945929,0.07935432165217604,0.08645410553670187,0.0842848856457464,0.08314657239617508,0.08010574248338184
2014-07-29,0.08484553532818592,0.07998640545040339,0.08714177344853045,0.08260070185237357,0.08407483371628598,0.08269045215997013,0.08475847675582819,0.08003928146778028,0.0864913031430418,0.08353051751728247,0.08271017330196265,0.08113054585835518
2014-07-30,0.08475568351918981,0.07993685410853384,0.08583528628864144,0.08266261361341401,0.08491153326423402,0.08338445205658256,0.08462503531733127,0.07939470217249636,0.08655307469131149,0.08421706206600905,0.08382657634299409,0.0798971265592621
2014-07-31,0.083783263078462,0.07954963176968934,0.0850927517444323,0.08261857356129627,0.08309916313600668,0.08270082679881764,0.0863634007811962,0.0797495922493445,0.08757891029834321,0.08539084620661616,0.08194530256065857,0.08212773781513724
2014-08-01,0.08421458358557163,0.08041183249176741,0.08392335125375182,0.08268889262702611,0.08410603271064261,0.08246738754626734,0.0855584318623936,0.07827916863966503,0.08765381158224807,0.08606391372396059,0.08346133914272828,0.08117125483397754
2014-08-04,0.08412163216833753,0.08070147429715077,0.0852280751050722,0.08325502163213423,0.08252485942250871,0.08224397039634672,0.08580712179934917,0.07906118080512707,0.08676496626714143,0.08550755917195378,0.08255180229095416,0.08223233664392407
2014-08-05,0.08360659705872692,0.07942965589100964,0.08444745902233357,0.08348724755350301,0.08313091719232486,0.08134447264200165,0.08678831384230587,0.0788401305332414,0.08683127383935653,0.08577857916592069,0.08329117613556386,0.08302417712371193
2014-08-06,0.08457010560777958,0.08073793045942196,0.0853131411204531,0.08235637411946364,0.08309168541460546,0.08233371550493192,0.08517849944102163,0.07864777270185863,0.08864481626370987,0.08597331493789287,0.08175701019512285,0.08139563423373841
2014-08-07,0.08417589328184524,0.08032987924355858,0.08443481742595604,0.08276011602181772,0.08279650113281044,0.08268208765152678,0.08607007096312967,0.07872502337681966,0.08779982256608429,0.08593474530158114,0.08237964486162427,0.08191139817324618
2014-08-08,0.08454629786142842,0.07933761162734654,0.08625712414276968,0.0828055170332703,0.0835840011785753,0.08114980458791633,0.08614599278461324,0.07939870491164432,0.08735859635469605,0.0844820124650801,0.08238261327778937,0.08255172377487034
2014-08-11,0.08472383619792809,0.07912812825183445,0.08773612633892702,0.08297861103655649,0.08367285707298816,0.08105578279300657,0.08606718823111878,0.07875190096708189,0.087757213157993,0.08443577024262262,0.08163945022637811,0.08205313548356483
2014-08-12,0.08496160833069293,0.07945189104052203,0.08746690654472682,0.08290763031059026,0.08330824934926334,0.08046195851077857,0.086085450381279,0.07802195311719247,0.0882722481851801,0.08469752930056504,0.08186588385522796,0.0824986910739814
2014-08-13,0.08564109951958453,0.07907292196440323,0.0877003734549617,0.08205294917543737,0.08444589912911503,0.0813352828449373,0.08571020867771335,0.07843190743121632,0.08900887424248004,0.08460491866313151,0.08137032433026546,0.08062524056675399
2014-08-14,0.08528830531625091,0.08004694514647409,0.08721600249888979,0.08371854528960224,0.08329063490421479,0.08095882835862639,0.08533566262608817,0.07871306675356883,0.08697662163205544,0.08403838334304078,0.0822954059436877,0.08212159818750088
2014-08-15,0.08450333290940691,0.0789756774176072,0.08684857669069379,0.08280558632160354,0.08356366967648861,0.08196818643193855,0.08601315696325391,0.07908590107314213,0.08742581764366679,0.08467555149055282,0.08240844169723124,0.08172610168441434
2014-08-18,0.08508033693025767,0.0798103209066653,0.08736795085438671,0.08266643726125748,0.08358416008523643,0.08140787585887603,0.08540485055773636,0.07876724194245449,0.08689309109138799,0.08445255106436507,0.08268980699257644,0.08187537645480002
2014-08-19,0.08496076976492924,0.0781569882923238,0.08743479851612004,0.08269998435708027,0.08363469508714874,0.08124386730844461,0.08624231868661976,0.07872641808430249,0.08756595805497003,0.08424667932962591,0.08280898456131816,0.08227853795711691
2014-08-20,0.08585938925149371,0.07951835687852239,0.08863374265399622,0.08228235739898507,0.08433274810645634,0.08133975821299863,0.08489900202618463,0.07883555302358525,0.08774731189797277,0.08292925530098558,0.08219800740345341,0.08142451784536613
2014-08-21,0.08553022382758908,0.07929313572107999,0.08947928891392441,0.08371947420819655,0.08345364425345769,0.08047031374316034,0.08512074530958616,0.07872049511836786,0.08718665285771494,0.08302622942732653,0.08206878415481264,0.08193101246478375
2014-08-22,0.08556051146561676,0.07886904396275417,0.08872420261011037,0.0818934557592172,0.08429315062886265,0.0816018093570639,0.0859246251469089,0.07967868473002562,0.08764034989237292,0.08297958515538557,0.08123367554116442,0.08160090575051751
2014-08-25,0.08594466950052879,0.07885316303304174,0.08902968236350947,0.08298130693027157,0.08430459687362411,0.08057821470527464,0.0849232582780418,0.07827668004230165,0.08751813945547375,0.08338287488684949,0.08269901311907506,0.08150840081200797
2014-08-26,0.08555935577380698,0.07855011541183776,0.08818718440259496,0.08243095566592433,0.08411134707672323,0.08131066927504457,0.08576643640122626,0.07868007937311627,0.08771078651007959,0.08353070887112646,0.08228113520976407,0.08188122602875561
2014-08-27,0.08494181056592694,0.0788944937048243,0.08798673489233058,0.08288833084896337,0.08398864411963221,0.08108513818089348,0.08578153835969961,0.07861906825808632,0.0870691811524784,0.08409474129869407,0.08294523184492147,0.08170508677354942
2014-08-28,0.08449213847025838,0.080503071686169,0.08545134949639044,0.08386858511572493,0.08423310828833933,0.08245557484671846,0.08514591539700377,0.07969220133775701,0.08352887424990656,0.08376248341779884,0.08510281340319686,0.0817638842907364
2014-08-29,0.08560827717644154,0.08210714792370226,0.08670415744906403,0.0842496832495957,0.08429771927059625,0.08307241856920763,0.08279299692093987,0.07976523344231573,0.08414773700082633,0.08248031393225241,0.08474434738127011,0.0800299676837883
2014-09-02,0.08509155630463511,0.07960610200433861,0.0871403498654256,0.08312594001726817,0.08495479083632647,0.08300173402924668,0.0841867085975929,0.08072252109915551,0.08471657469022348,0.08249381588578492,0.08414345576487976,0.08081645090512277
2014-09-03,0.08433900364036104,0.08212621617416989,0.0844617241364432,0.08424365759544251,0.0848188494525819,0.08423675482781856,0.08321186820484719,0.08052931723337482,0.08257957325668168,0.08326500335438379,0.0860088518390944,0.08017918028480105
2014-09-04,0.08467035781808714,0.08143150904925585,0.08573447061047622,0.08299066819695404,0.08429527767446277,0.08536468974158479,0.08334742229163078,0.08186427290810999,0.08452665031362651,0.08270580324954392,0.08327306092899252,0.07979581721727548
2014-09-05,0.08518285261877721,0.08332714172071824,0.08478304951247434,0.08426361696859964,0.08493084828963753,0.0843203073636085,0.08188807139187577,0.08033805250067225,0.0826019554621034,0.08262458039808517,0.08613387964974413,0.07960564412370388
2014-09-08,0.08449153587241554,0.08305132552954043,0.08478711561105662,0.08471796916921928,0.08444126533738039,0.08532517051937162,0.0821534397306174,0.08193880739333607,0.08178018544031974,0.08223361000430299,0.08514877113948298,0.0799308042529569
2014-09-09,0.08425538496139329,0.08149908541270771,0.08464354434306831,0.08394283806059555,0.08491851640302969,0.08464968624575597,0.08334840153505357,0.08147757339254727,0.0832167499075295,0.08298132369001304,0.08526716551480004,0.079799730533506
2014-09-10,0.08409277411749137,0.08301481054962566,0.08279060722131891,0.08399235293087351,0.08420183093385343,0.08545568266582007,0.08293619732235881,0.08038396952995162,0.08329882278146729,0.0843276587715306,0.08568646646288536,0.07981882671282348
2014-09-11,0.08417539906723766,0.08292297115194572,0.0835881504736362,0.08463649096571504,0.08440357534908122,0.0853555395226192,0.08247643351725457,0.0813564237691445,0.08212771697346853,0.08331883085475177,0.08602364199599612,0.07961482635914953
2014-09-12,0.08457528436332666,0.08244748220530382,0.0851932107755024,0.08460838584317625,0.0846474277615606,0.08420507846504852,0.08244443285260025,0.08079537852539243,0.08260122995365136,0.08240161412184467,0.0857201614485901,0.08036031368400293
2014-09-15,0.08405059701903583,0.08322105169456444,0.08336433982699308,0.08474706822657793,0.08439438434590753,0.08476271865744425,0.08297473855138444,0.08094031836837401,0.08279685814721516,0.08372735196889293,0.08513494749754887,0.07988562569606153
2014-09-16,0.08512243977248787,0.08393233568909873,0.0847635027124128,0.08434223785692858,0.08420048402341265,0.08545801077552605,0.08125870540299002,0.08132659229977536,0.08387576420018115,0.08256812792354194,0.08446884530161498,0.07868295404202981
2014-09-17,0.08411172590380345,0.08210953957185076,0.08374490345636525,0.08421104648995544,0.08552781470703225,0.08507060474301528,0.08292038748585548,0.08119515745635165,0.08225771335663608,0.08320772491856959,0.08602317055214032,0.07962021135842456
2014-09-18,0.08490184540214313,0.08340478611612806,0.08535792673857437,0.08480300097180783,0.08438442571485712,0.08464067487435821,0.08161225847931941,0.08114691699697449,0.08295531188088795,0.08265113512819657,0.08488068199730354,0.07926103569944937
2014-09-19,0.0845619691263424,0.08189460723743787,0.0853512787240994,0.0829561143431116,0.08535018638538208,0.08539459292749625,0.08269798364073838,0.08166370098191802,0.08362525600280783,0.08255527641506759,0.08463654088941576,0.07931249332618284
2014-09-22,0.08454949075968358,0.08347792621814891,0.0830375746189151,0.08449661982002253,0.0845626314425368,0.08494143894596246,0.0823607505498972,0.0808107798327753,0.08307219838544751,0.08372538354519381,0.08570719979602678,0.07925800608539009
2014-09-23,0.08332185011430522,0.08150880080636654,0.08264232157441884,0.0834227951865672,0.08457937292405665,0.08552445283562014,0.08381660512636693,0.08156565472540657,0.0834771274103192,0.08447014085275024,0.08519178673930866,0.08047909170451378
2014-09-24,0.08472543968368824,0.08260426087720373,0.0852772530346818,0.08388710187086587,0.08438723677599133,0.0842927990464986,0.08254524768528143,0.08081516278343945,0.08360525835392316,0.08300900825586621,0.08457378225792236,0.08027744937463789
2014-09-25,0.08432651678577358,0.08159830550276159,0.08433724348989251,0.08368818370809646,0.08402772708152353,0.08316194311911934,0.08450456029309483,0.08010296257192251,0.08411301939768435,0.08394091960592676,0.0848385985855806,0.08136001985862408
2014-09-26,0.08478862665185584,0.08141269209944145,0.08476875271768612,0.08317383024743541,0.08415282673120072,0.08305175405444754,0.08394365608076287,0.07989018132816127,0.08610508779752311,0.08451908246039988,0.0835599343043435,0.08063357552674216
2014-09-29,0.08477740413683796,0.08200474786777072,0.08497783690703233,0.08378765915122194,0.08319751667087184,0.08322622786219622,0.0837239678626131,0.07980185988510306,0.08557136072120661,0.08409588486306521,0.0834187827315677,0.08141675134051331
2014-09-30,0.08465423765554614,0.08157995157853998,0.08543784067992706,0.0826610015544554,0.08392829807856268,0.08342603035405291,0.0839492800821571,0.08042729356508121,0.0866481534063377,0.08401798402272449,0.08258309508908904,0.08068683393352626
2014-10-01,0.08466777020717878,0.080493383505874,0.0852998429966602,0.08289616676896214,0.08422940437982615,0.08246186673542293,0.08518614438782714,0.08044969718917613,0.08589111344116672,0.08406453616364243,0.08264602552171237,0.0817140487025509
2014-10-02,0.08458317072259898,0.08222123662672846,0.08353493457404454,0.0828754734321986,0.08323543675310008,0.0833502933894402,0.08437347943634114,0.07940607025004932,0.08712056789244498,0.08567464224479557,0.08273272335889591,0.08089197131936228
2014-10-03,0.08552195526934132,0.08067606418800237,0.08724781316763791,0.08358572470528756,0.08396245652786317,0.08126638766751226,0.08414687598778278,0.07919321012184581,0.0858614673721175,0.08280314279771912,0.08377436002917078,0.08196054216571932
2014-10-06,0.0837590983533184,0.08050171112830465,0.08472063703422844,0.0830083955424446,0.08329734757234743,0.08284958411116403,0.08546473516213998,0.08016044929745776,0.08664606157573018,0.08504864238370635,0.08261465796733107,0.08192867987182695
2014-10-07,0.08457978899261447,0.08102499383655824,0.08536809173547688,0.08306591460181306,0.08295648762670188,0.08223607678103963,0.08536255962274064,0.07998975538273782,0.08700135674777881,0.08459937713488257,0.08192912371671797,0.08188647382093807
2014-10-08,0.08510214660876572,0.08021703390131345,0.08620650208221209,0.08259545807172376,0.08384663770535863,0.08162310772978612,0.08494833543220599,0.07890572557146608,0.08812740032982293,0.08484233260512133,0.08217263943566568,0.08141268052655813
2014-10-09,0.08460797047219216,0.08037738229556662,0.08683053769979718,0.082278939167762,0.08305679683314307,0.08184927992393679,0.08495345907102833,0.08083957927625775,0.08735418700385751,0.08322867349164526,0.08165934344380898,0.08296385132100437
2014-10-10,0.08290052829874894,0.07911099548545601,0.08402332362430125,0.08136755644099279,0.08428154420218971,0.08253557430061789,0.08711163569318361,0.08041070611149875,0.0881307371533767,0.08554231881373664,0.08190066084839381,0.08268441902750384
2014-10-13,0.08250692263642542,0.082618274365699,0.08174028508243915,0.08219997556344727,0.08118021673415943,0.08380696128011739,0.08568991268408525,0.08038727705718564,0.08835290884137434,0.08736368372011105,0.08112053344075917,0.08303304859419693
2014-10-14,0.08303253285330241,0.08032003785651622,0.08254928269636849,0.08094026489267638,0.0826232969533331,0.08296636059474383,0.08645547786014193,0.0801735112158232,0.08892925652422404,0.08665503447984302,0.08191905638112974,0.08343588769189768
2014-10-15,0.08232187227691903,0.08017316330934944,0.08287418403442495,0.08198342193014724,0.08223572329460804,0.08321816748231922,0.0864436702739897,0.08164597997197512,0.08771357786658729,0.08585648791147034,0.08152372677303821,0.08401002487517138
2014-10-16,0.08227705789836992,0.08087870207713686,0.0816194912532732,0.08170363337454092,0.08235851597742323,0.08317193131684755,0.08685480757995788,0.0799656742077183,0.08912963793073536,0.08752178888484853,0.08141436398127937,0.08310439551786888
2014-10-17,0.08335650079555375,0.0813285634987757,0.08325119909254754,0.08141647133538833,0.08157453862830695,0.08312296441246131,0.08574121398721209,0.08033759089799138,0.0889147407469167,0.08664031701860164,0.08097275605553594,0.0833431435307087
2014-10-20,0.08449749369735662,0.07986104400127916,0.08489158948964894,0.08298057652235624,0.08310026899759386,0.08040225137008505,0.08616504791791528,0.07911965252104253,0.08764746781915883,0.08527763970089397,0.08245246672430386,0.0836045012383655
2014-10-21,0.08528360298923734,0.07946784925139165,0.08956684843129993,0.08245607653352978,0.08298549088744396,0.079835709018333,0.08532019136614502,0.08089582177934868,0.08752050560973493,0.08198861460348668,0.08022087046615119,0.08445841906389792
2014-10-22,0.08519455217007953,0.0791628312888339,0.08809328499164248,0.08191453159523315,0.08350953857668923,0.0807490718450083,0.08606418925026553,0.08016745385801342,0.08802823099311725,0.08276111215627184,0.08070589947294082,0.08364930380190441
2014-10-23,0.08512648939253083,0.08016922083029256,0.08713135928111888,0.08246182711145676,0.08236028173316762,0.08021812234982881,0.08547167721893142,0.07997561266156172,0.08720844216653391,0.08376196274698439,0.08186084520816908,0.08425415929942405
2014-10-24,0.08469450344057913,0.07756455230037597,0.08858471563582125,0.0812357126393716,0.08347754157496809,0.0813036929982768,0.08642658988202578,0.0804233227030879,0.08816259702056801,0.0832108969025215,0.08111480864640704,0.08380106625599701
2014-10-27,0.08554983608541215,0.07940500259526537,0.08987310060416852,0.08309302004308074,0.08320040229694313,0.07939793253863124,0.0851251476366793,0.07972195911813776,0.08696579638930209,0.08185308290930178,0.08178517088247787,0.08402954890060003
2014-10-28,0.0859715699306541,0.07815506822301813,0.0903322690761182,0.08162098587922861,0.08410853454539581,0.07965601643887202,0.08556774034140169,0.07976604498388269,0.08827432182597786,0.08227501485558548,0.08120185661489743,0.08307057728496808
2014-10-29,0.08555227246965837,0.0796320297214246,0.08936414734082596,0.08161833197642082,0.08288668156251255,0.08093389864380729,0.08479509963399345,0.08028567275547083,0.08856562992856663,0.08287888444283138,0.08074537602214288,0.08274197550234538
2014-10-30,0.0864224705582702,0.07842101954836905,0.09093108338712881,0.08261035226836949,0.08419212964866296,0.07872523966571116,0.08522059847500442,0.07857561531674272,0.08759079939087591,0.08150026327898606,0.08245851715783828,0.08335191130404075
2014-10-31,0.08583535566205466,0.07876324462698116,0.0906454759013318,0.08182142804959433,0.08349713127953182,0.080783190174715,0.08449812622986014,0.08129941886568684,0.08747504071996194,0.08132522772592715,0.08070583969268204,0.08335052107167305
2014-11-03,0.08596863674647524,0.0777595302444996,0.09116680502833964,0.08202131368734333,0.08355887879788727,0.07900555671562728,0.0861785072125959,0.07970678802294309,0.08751233490679683,0.08154348990927891,0.0815127796693777,0.08406537905883534
2014-11-04,0.08544476345590851,0.07883804623694324,0.08796352876079001,0.08271623470509894,0.08364953447655425,0.07944905833796127,0.08596435006537019,0.07898229957415616,0.08612353833858635,0.08302650352231292,0.0833970489917381,0.08444509353458017
2014-11-05,0.08610065365609061,0.07958089030394176,0.09005678038974668,0.08221870020078015,0.08324873499359423,0.08129342897050923,0.08378057088370712,0.07989279503643963,0.08837362758526214,0.08224280140349283,0.08090786427904084,0.08230315229739478
2014-11-06,0.08528716955614636,0.0783979166918423,0.08894154558137872,0.08226133682149461,0.08535779747910677,0.08096098458072847,0.08549038142227768,0.08097394067987507,0.08404625948465692,0.08071863484179116,0.08413541038025608,0.08342862248044589
2014-11-07,0.08542466494651337,0.08111676821443432,0.08794566004578737,0.08518672986923664,0.08421513168639361,0.08117029229065302,0.0837457267572194,0.08004415318154369,0.08359695949611623,0.08211330395242504,0.08440209660130868,0.08103851295836866
2014-11-10,0.08501287153026917,0.0814669340457865,0.08700353832019606,0.08352670287642514,0.08400182861743762,0.08276379772625556,0.08384901780504689,0.08120727228911331,0.08338831183841366,0.0818081073101653,0.08403452611934084,0.0819370915215499
2014-11-11,0.08567854751310341,0.08200030993570245,0.08671003009141844,0.08447450992769467,0.08466261003214126,0.08272422618575596,0.08215286786981048,0.07967901931355702,0.08344028890672206,0.08208935960447246,0.08600708484138403,0.08038114577823774
2014-11-12,0.0849665125075259,0.08081534161993982,0.08719245216447764,0.08395084318665805,0.08507200939280277,0.08245272005542405,0.08384995035745182,0.0817813055524104,0.08268993880418687,0.08145393167674599,0.08452192874083911,0.08125306594153757
2014-11-13,0.08496115837729129,0.08194161371877628,0.08698485132619112,0.08381620188801915,0.0845249139429644,0.08333769849157452,0.08233891375653365,0.08107750504610721,0.0834628387375428,0.08187807942229126,0.08500902456015715,0.08066720073255125
2014-11-14,0.0858183862220714,0.08206891674974125,0.08679345830097518,0.08246841580332959,0.08451749441675378,0.08383824607482596,0.08237739693370613,0.08151568561345582,0.08459271946008476,0.08171320096659306,0.08388195104883722,0.08041412840962577
2014-11-17,0.08448123655351814,0.08164312272153094,0.08589607496639746,0.08382982526546488,0.0849681869324972,0.08364382484337454,0.08236347092934608,0.0807570915814286,0.08307457885998044,0.08252400946962898,0.08613145866181457,0.0806871192150182
2014-11-18,0.08468986878258251,0.08173763499371887,0.08517353757177065,0.08306550989979893,0.08559039060982399,0.08578433728213623,0.08245732354720132,0.08308894274961759,0.08259378485345714,0.08143655057018895,0.08447392162263521,0.0799081975170685
2014-11-19,0.08429532768072887,0.0850664338620824,0.08323707775433412,0.08560211990958827,0.08346401600341731,0.08513613303354117,0.08153178211659608,0.08200401921333435,0.08133358231620869,0.08241395296732514,0.08587749703375742,0.08003805810908608
2014-11-20,0.08375485376008723,0.08377155652385171,0.082487251873448,0.0846444188486606,0.08418606973519453,0.08537051761597102,0.08225662031570131,0.08205023184892436,0.08163112070739133,0.08332447802772427,0.08589981315340776,0.08062306758963787
2014-11-21,0.08443631187981024,0.08421858013649473,0.08383851038271943,0.08525154442764718,0.08453787387694482,0.08588101520744931,0.08161200748938859,0.08196191606506069,0.08038839958975659,0.08198059000293827,0.08608450179658332,0.07980874914520707
2014-11-24,0.08558795586264659,0.0837055668206277,0.08534528389891712,0.08503047268388349,0.08512293034055486,0.08425167551686545,0.08105530950064713,0.08139115282830726,0.08108574951690087,0.0805998154125472,0.08651644832942461,0.08030763928867762
2014-11-25,0.08432734587029993,0.0843916019169209,0.08431085697273655,0.08415393449816112,0.0849459511988516,0.08655538714642544,0.08079376511284986,0.08291077254363924,0.08168760876503839,0.08207946511502114,0.08551145785041837,0.07833185300963755
2014-11-26,0.08459578231044873,0.08356442283404833,0.08409282430570837,0.0851486877140677,0.08475540116829709,0.0856104984836407,0.08113586423029047,0.08213280300216459,0.08102933279336695,0.08201594343561314,0.08680916651059337,0.07910927321176055
2014-11-28,0.0841294586351211,0.0829202359644741,0.08372327912845604,0.08442359354031825,0.08580713701208761,0.08586800232551241,0.0814002205039624,0.08243282304948472,0.08071926118330905,0.08189567588893033,0.08726745620686628,0.07941285656147767
2014-12-01,0.08512029900069602,0.0852572424604001,0.08492965132361228,0.08343230563150289,0.08589913807013028,0.08646267865730914,0.07946434546864993,0.08264445771629482,0.08234361562252088,0.08125525741539916,0.08518898630555327,0.0780020223279312
2014-12-02,0.08361592633280095,0.08328284504077686,0.08314841110765901,0.08492612964602837,0.08491598776016215,0.08586162983174712,0.08192455277420016,0.08276169579384231,0.0805857247409662,0.08259702258631492,0.08706014229979257,0.07931993208570923
2014-12-03,0.08495392099593105,0.08561011735877938,0.08317715729123855,0.08446761452427427,0.08473835125785412,0.08628871459430879,0.08013957072554447,0.08283863871228085,0.08105752546787395,0.08193439646879785,0.08600126126852041,0.07879273133459634
2014-12-04,0.08484431515181079,0.08343316659903165,0.08456357548459048,0.08393858585406976,0.08489572302149817,0.0854196703899541,0.08080536506701355,0.08233190647229865,0.08153923043372832,0.0817233995309802,0.08620273099081527,0.08030233100420922
2014-12-05,0.08563494880578386,0.08550656501964768,0.08411699942752178,0.08407598227146124,0.08498384091869679,0.0864841325538743,0.08025491314864253,0.08243840590981992,0.08131276260083439,0.08124910357385057,0.08554857472863617,0.07839377104123056
2014-12-08,0.08384526871134254,0.08361720397069651,0.08220403255621125,0.08473534396457064,0.08500859252382567,0.08623474202916415,0.08166368512837364,0.08343731470861711,0.08016408226418702,0.08228596838110501,0.08697567820799924,0.0798280875539073
2014-12-09,0.08416480106565727,0.08385657431595463,0.08208678823902316,0.08392004725081804,0.08434102656169418,0.08622936732529216,0.08183652253839137,0.08224436594128881,0.08195487889500709,0.08308502906025783,0.08603619491435281,0.08024440389226278
2014-12-10,0.08318455359378343,0.08406499839327718,0.08235740430304662,0.08411959696974525,0.08350064392473856,0.0859639443613466,0.08264272957058307,0.08240518911674098,0.08179518445779947,0.08303232585385563,0.08573603775798191,0.0811973916971013
2014-12-11,0.08401285121638526,0.08447464512626576,0.08215780269706029,0.08318962580533756,0.08428390078389288,0.08599210934309486,0.08210616016331483,0.0824422049566932,0.08417166923652203,0.08386533738433279,0.08384117434305895,0.07946251894404179
2014-12-12,0.08325155673950176,0.08480336006262128,0.08101856621258954,0.08405077466786585,0.08270436954429163,0.08542748004117376,0.08275973880041165,0.08208130679641769,0.08363694230173013,0.08482584402189595,0.08423697969016565,0.0812030811213351
2014-12-15,0.08379037396944455,0.0843236652873132,0.08154829777167522,0.08396696994813446,0.08259738582729151,0.0846622210156635,0.082671920230204,0.0810170408721376,0.0856269456992709,0.08530106591613808,0.08408541822287441,0.08040869523985263
2014-12-16,0.08225557106010317,0.08381547060020304,0.0798008916198949,0.08254425736932502,0.08322555423642873,0.08694474645402377,0.0834925774488834,0.08250285808908786,0.08441059617437345,0.08582948137027474,0.08424014216596705,0.08093785341143483
2014-12-17,0.08342049650393,0.08306789232819427,0.08224054818924485,0.0836220098528687,0.08316867707080834,0.08449375906242909,0.08363405142686985,0.0812701803190412,0.08496570497792058,0.085020951574538,0.08364539004089118,0.08145033865326386
2014-12-18,0.08534169994087736,0.08191379951913164,0.08652977792499915,0.08292725660388385,0.08326199357631064,0.08191861756395127,0.08323300823327844,0.08163830754261789,0.08466605484051437,0.08155660277801391,0.08395615014169873,0.08305673133472277
2014-12-19,0.08438855743351709,0.08143273446523346,0.0870434783968794,0.08281123546308276,0.08398435218661551,0.08282574219113041,0.08339470939917024,0.08194718028244859,0.08645319678340842,0.08258516721038228,0.08155990579499064,0.08157374039314133
2014-12-22,0.08570249350103107,0.08049651035955849,0.08853433271528255,0.08252670344051488,0.08381707242299452,0.08191079878404404,0.08360840243324029,0.08285036292686847,0.08564907066521914,0.08045651351045549,0.08162039107110504,0.08282734816968582
2014-12-23,0.08565580403360704,0.08116094827717019,0.08741330258952862,0.0813137774731581,0.08526473157325201,0.08303590834499538,0.08328484971020096,0.0820248722752215,0.08578791766927053,0.08117879875488039,0.08212475044419167,0.08175433885452367
2014-12-24,0.08581671634884752,0.08053625544622368,0.08940661874354079,0.08336456166042336,0.08398439747817438,0.08130260775005503,0.08326452615625349,0.08240637709054043,0.08464257223581807,0.08019679280256821,0.08233301768156796,0.08274555660598719
2014-12-26,0.08473474582769565,0.08040461047557167,0.08658653475104947,0.08219469556025127,0.08365432416535572,0.08248493344896549,0.08427636777080477,0.08054460517149097,0.08580372649107633,0.08297648544709613,0.08343227431935711,0.08290669657128537
2014-12-29,0.08565828885313052,0.08197964663427049,0.08789478457213583,0.08313746075476966,0.083310488421937,0.08159152136886606,0.08310209739374161,0.08107975645663387,0.0842349410118317,0.08147827104076942,0.08341191333797998,0.08312083015393401
2014-12-30,0.08544688734485124,0.08009032275820906,0.08729336655236311,0.08318750886066517,0.08336860733141949,0.08202231727255004,0.08420810218428242,0.08091863762153491,0.08575196050997015,0.08211813084086929,0.08309173174459802,0.08250242697868701
2014-12-31,0.08402678895530077,0.08195747441342247,0.08516399990141238,0.08264709072855658,0.08225214555277158,0.08278340974202722,0.08391151790071351,0.08150127295588999,0.08621625701875858,0.08398078144434495,0.08252088346249178,0.08303837792431
