Date,VAW,VDE,VFH,VIS,VGT,VDC,VPU,VHT,VCR,VNQ,VOX,CASH
2011-11-30,1.0442349169576782e-15,0.0,0.0,0.0,0.3431778976730061,2.4586001773646675e-15,0.6568221023269936,4.716090064972193e-16,0.0,8.121013875388885e-17,4.71655877396947e-16,0.0
2011-12-01,0.0,0.0,5.692496493653216e-16,1.4625865369237091e-15,0.28223742035298727,0.0,0.7177625796470106,6.126167758872755e-16,1.2200717497293754e-15,3.842096356931194e-16,1.8319092345033832e-16,0.0
2011-12-02,0.0,0.0,0.0,0.0,0.21678501072089332,0.0,0.783214989279133,0.0,0.0,3.9019410267738305e-17,0.0,0.0
2011-12-05,0.0,0.0,0.0,0.0,0.7096891967091266,9.78196692337897e-16,0.2903108032908762,8.215035854915552e-18,0.0,0.0,0.0,0.0
2011-12-06,0.0,0.0,0.0,0.0,0.4509465386324602,1.977521544918335e-15,0.5490534613675402,0.0,2.293304435241339e-15,0.0,0.0,0.0
2011-12-07,3.6626455179062563e-16,0.0,0.0,0.0878669728792818,0.2352257271856164,0.14226708601300117,0.5346402139220994,6.168786761617207e-16,1.2623264913653204e-15,0.0,0.0,0.0
2011-12-08,0.0,0.0,0.0,6.124931953335513e-16,0.18312447834423085,0.44114794837067334,0.3757275732851002,0.0,1.3087141729856559e-15,0.0,0.0,0.0
2011-12-09,3.4085311778678963e-15,6.660541610403399e-15,3.65321514372247e-15,5.5577289506982505e-14,0.16319588534977852,0.5196112873411264,0.317192827308971,8.450203768452096e-15,4.125430018783183e-14,2.8889095753062487e-15,2.1973675832346627e-15,0.0
2011-12-12,4.034328163823394e-16,0.0,0.0,5.462921659795736e-16,0.233448879196381,0.29588830479015016,0.47066281601346827,1.3827885109116917e-15,0.0,2.789358298491128e-16,0.0,0.0
2011-12-13,0.0,0.0,0.0,0.22961198196761398,0.23039229769219569,0.5399957203402086,0.0,0.0,0.0,0.0,0.0,0.0
2011-12-14,0.0,0.0,0.0,0.0,0.0,0.27299530538413264,0.727004694616073,0.0,0.0,0.0,0.0,0.0
2011-12-15,0.0,0.0,0.0,0.6093739433549152,1.3934025951726549e-15,0.3906260566450842,2.275957200481571e-15,0.0,0.0,0.0,0.0,0.0
2011-12-16,0.0,0.0,1.5347945208226855e-16,0.24239947802289993,0.0,0.757600521977099,1.0842510932813936e-15,1.732214012031691e-16,5.518021128254428e-16,0.0,1.7521802451024683e-16,0.0
2011-12-19,3.373109628463086e-16,4.873502428767914e-16,3.4573806890210695e-16,0.3788486446940484,0.0,0.62115135530595,2.449313157942421e-16,0.0,3.0746852349906045e-16,2.9104434038520477e-16,0.0,0.0
2011-12-20,0.0,1.1924166358083363e-15,2.1097131216669396e-16,0.042075074284653825,2.3447802948071005e-16,0.957924925715345,4.662775677853211e-16,4.3609296478192183e-16,3.7265821689950414e-16,7.039103409735976e-16,1.1746704746329684e-16,0.0
2011-12-21,2.952459716816446e-16,2.4734555737882905e-15,2.4466148422097397e-16,0.1635657471011025,5.385656516271016e-16,0.8364342528988921,0.0,1.2441609898099294e-15,3.1530129397277617e-16,1.6759474587201657e-15,3.803103701783873e-16,0.0
2011-12-22,0.0,0.0,0.0,4.423930313545226e-15,0.0,1.0,4.427014310692812e-15,0.0,0.0,0.0,0.0,0.0
2011-12-23,0.0,0.0016201522300749115,0.0,0.0005234969324521338,0.0,0.997856350837477,1.1919231872725565e-15,0.0,0.0,0.0,0.0,0.0
2011-12-27,1.2309548602523605e-15,3.5789690158206323e-16,3.662712953287721e-16,0.0,4.2632060376214415e-16,0.9999999999999952,7.519787460141724e-16,1.5274919394875518e-15,5.052866206607726e-16,1.309142176693414e-15,2.2431343199393785e-16,0.0
2011-12-28,9.257765036735074e-16,0.0,3.2787862693665635e-16,0.11718906342151772,0.0,0.8828109365784805,9.861612556736703e-17,3.021866211918816e-16,5.499605321799365e-16,2.485378641819605e-16,0.0,0.0
2011-12-29,0.0,1.0158490501754153e-16,0.0,0.026355567346666855,0.0,0.8121054396856667,0.06429653791694658,0.0,0.0,0.09724245505072127,0.0,0.0
2011-12-30,1.5324848575583268e-16,2.3603682368477887e-16,4.956889474660691e-16,0.0,2.8397844553597297e-16,0.6341886194074469,0.36581138059255314,0.0,1.1576096716176383e-15,0.0,1.4682413725861954e-16,0.0
2012-01-03,0.0,0.0,0.0,0.0,0.0,0.6019553878272735,0.3980446121727337,0.0,0.0,2.569702962894956e-15,0.0,0.0
2012-01-04,5.142135001496204e-17,0.0,1.787947917797381e-16,0.0,2.1266932031568107e-16,0.8944208777671611,1.966472237343912e-16,1.5229943335528796e-17,0.0,0.10557912223283965,2.4358847878218962e-16,0.0
2012-01-05,6.273594067004608e-17,0.20929725327884063,4.852335288286126e-17,0.0,6.69466248720406e-17,0.45475811545537687,0.0,0.0,0.0,0.3359446312657829,0.0,0.0
2012-01-06,0.0,0.0,0.0,0.08874917599182228,0.0,0.5816870637625609,2.088387762019855e-18,0.024349031138302307,0.0,0.3052147291073155,0.0,0.0
2012-01-09,9.292634857580729e-17,1.4213774204551543e-16,8.478452178470116e-17,0.0,8.977512412545812e-18,0.0,0.0,0.14074808175602668,1.6789790390950105e-16,0.8592519182439737,1.605537491739373e-17,0.0
2012-01-10,0.0,0.0,0.0,2.5414036507987913e-16,0.0,2.903751979839353e-16,0.0,0.6174408142878114,0.0,0.3825591857121885,1.99440962060665e-17,0.0
2012-01-11,0.0,1.4562791365752994e-16,0.0,0.0,0.0,7.838095120493297e-17,1.9492948032878282e-16,0.41375304782320677,0.0,0.5862469521767936,0.0,0.0
2012-01-12,0.0,1.6842223029396813e-17,0.0,4.828583359554459e-18,0.0,4.770344651127809e-17,0.0,0.5778076726535069,0.0,0.4221923273464932,1.6422921714807848e-16,0.0
2012-01-13,0.0,1.1605846156983903e-16,0.0,0.3468144287613557,1.7186398110611963e-16,0.0,0.0,0.653185571238645,0.0,0.0,1.4658781656544145e-16,0.0
2012-01-17,0.0,0.0,0.0,1.734723475976807e-15,0.0,0.0,0.0,1.0,1.0594106632600406e-16,0.0,0.0,0.0
2012-01-18,7.200734792071021e-16,0.0,1.0557631251085656e-16,0.07996812094122041,4.631429255573487e-18,0.0,2.4337558686807e-16,0.9200318790587785,0.0,4.720317462495004e-16,2.560913079603281e-16,0.0
2012-01-19,2.8679518074782715e-16,0.0,0.0,0.010333763805498183,0.0,8.103794018029324e-17,2.0830458277472684e-16,0.9896662363484864,7.911404415186108e-17,3.956066695094371e-17,6.823266480035067e-17,0.0
2012-01-20,0.0,0.0,0.0,0.34157765412800584,0.0,5.245132513001379e-16,0.0,0.6584223458719938,6.170241765355702e-16,3.600119690913692e-17,0.0,0.0
2012-01-23,4.2290408375288697e-17,0.0,0.0,0.2684244902744323,1.661224946898903e-16,5.485755691450627e-16,1.9097849058380524e-16,0.7315755097255672,4.7730126060040584e-17,0.0,0.0,0.0
2012-01-24,0.0,7.187946350782009e-18,0.0,0.19780953038468363,4.3167513698118416e-17,0.0,1.0682708595548622e-16,0.8021904696153169,2.4775766336763156e-16,0.0,0.0,0.0
2012-01-25,1.7999603033564576e-16,5.949789858524084e-17,8.171966466438417e-17,0.3631770011030575,2.2788008551614267e-16,0.0,6.042429611892967e-17,0.6368229988969427,0.0,0.0,0.0,0.0
2012-01-26,0.0,0.0,2.6425403174332114e-17,1.4807546487936755e-17,0.0,1.863093013199091e-15,8.36211653523521e-17,0.9999999999999984,0.0,0.0,0.0,0.0
2012-01-27,3.281671257051966e-17,0.0,0.0,0.33415244332508254,9.771028645827297e-17,0.0,0.0,0.6658475566749185,1.5836374311788417e-16,0.0,6.813512371487868e-18,0.0
2012-01-30,0.0,1.8095510143975656e-17,1.6362297848408903e-16,0.21095107381206435,0.0,5.268846415107666e-17,0.0,0.7890489261879354,6.649455415054912e-17,5.069379254317212e-17,1.0543711677780507e-16,0.0
2012-01-31,6.809507535230519e-17,0.0,0.0,0.3549617044303583,0.0,0.0,4.798661472376068e-18,0.6450382955696427,0.0,1.9946733958300352e-16,0.0,0.0
2012-02-01,0.0,2.283562334995569e-16,2.290102516188541e-16,0.034321050631510946,0.0,1.9557804193028502e-16,0.0,0.9656789496242011,1.871275937493177e-16,0.0,1.1342877140671787e-16,0.0
2012-02-02,0.0,0.0,0.0,0.0,2.397307812475562e-16,4.57818718058184e-16,0.0,1.0,0.0,5.160785825687797e-16,0.0,0.0
2012-02-03,0.0,0.0,9.953485628755906e-17,5.819102584473906e-16,0.0,1.3530843112619095e-16,4.3056909102120014e-17,0.9999999999999998,0.0,0.0,0.0,0.0
2012-02-06,0.0,0.0,0.0,0.2265192065499366,0.0,4.843446245543635e-16,0.0,0.7704312363140019,0.0,0.0030495571360619578,7.05534333469829e-17,0.0
2012-02-07,0.0,1.4528481787944854e-16,0.0,0.35004043431689114,0.0,0.0,1.1767325377302296e-16,0.6499595656831063,0.0,3.4333353913712204e-15,0.0,0.0
2012-02-08,0.0,0.0,0.0,0.08318822800574742,0.0,1.5921374474974893e-16,0.0,0.5234875942472794,0.1744117435152483,0.2189124342317254,0.0,0.0
2012-02-09,0.0,0.0,2.191522960453809e-17,0.061267228999783395,0.0,7.326830033420355e-18,0.0,0.2504256457689841,0.24116787875798884,0.447139246473244,0.0,0.0
2012-02-10,1.039831174635429e-16,1.2375460583992081e-16,3.9449886009866684e-16,0.2422231697636244,0.0,6.574601973952099e-16,1.073446680655049e-17,0.19463167067231016,0.2905914985732204,0.2725536609908439,4.453161859595002e-18,0.0
2012-02-13,6.879952101531562e-18,0.0,0.0,0.015611778494455678,2.807388495237064e-17,0.02409197939952451,0.0,0.20385104919901176,0.2603918418188219,0.4960533510881861,2.8410307744791917e-17,0.0
2012-02-14,0.0,0.0,0.0,0.022402454170150382,8.208167844817815e-17,8.757025046580403e-17,0.0,0.31520847377162614,0.23301039398858162,0.42937867806964186,1.9189265380221003e-18,0.0
2012-02-15,3.6542077570301606e-16,5.471745065463672e-17,6.115629925665765e-16,0.0,2.0401050956000548e-16,0.007747490964114463,3.437332326881134e-16,0.6574343645060093,0.33481814452987607,0.0,2.152832095942276e-16,0.0
2012-02-16,2.564156577791492e-16,1.3193119170468968e-16,1.6593076421903954e-16,1.350497829716864e-16,0.0,0.0,0.0,0.6017532604421959,0.3906470458975238,0.007599693660279856,2.1360177940172452e-16,0.0
2012-02-17,0.0,2.1111665009049136e-17,0.0,0.0,0.03972436021236972,3.709384767246508e-17,0.0,0.6152141249418884,0.34506151484574205,1.9722862518615774e-16,9.394817370467066e-17,0.0
2012-02-21,9.103169728046362e-17,5.549857084995779e-17,1.0599637774637697e-16,4.9598247601761876e-17,0.04422701942124961,0.04059602261315246,0.0,0.4569348932871419,0.4056764469116929,0.052565617766763245,0.0,0.0
2012-02-22,9.881205883369751e-17,7.170141851043625e-17,0.0355113466476578,1.8128675534757224e-16,0.206612290503923,0.03490453291527662,8.659206506278905e-17,0.3054217438210518,0.4175500861120901,9.325428887821158e-17,1.902164724008139e-16,0.0
2012-02-23,0.0,0.0,0.0,0.0,0.26581908424472644,0.06173321922986808,0.0,0.2278147201972195,0.35669244153950885,0.08794053478867749,2.175844417771813e-17,0.0
2012-02-24,0.0,0.0,6.652592261302474e-17,0.0,0.27489817751597534,0.0,1.1852823602030316e-17,0.27249219257342705,0.4116007010334737,0.04100892887712424,0.0,0.0
2012-02-27,0.0,0.0,0.0,0.0,0.30634987325187213,0.008916269537549917,0.0,0.30088296724591646,0.34183925401775045,0.042011635946911256,9.6048709401581e-19,0.0
2012-02-28,0.0,0.0,0.0,6.487482715428695e-17,0.407279403049635,0.0,0.0,0.22139131875419,0.322917337482734,0.04841194071344106,7.406723425660557e-17,0.0
2012-02-29,0.0,0.0,6.947333586430208e-17,0.0,0.4201133508065373,1.037236321857373e-16,0.0,0.23854968794901427,0.3413369612444487,0.0,4.41378814212139e-18,0.0
2012-03-01,1.9156650425904352e-16,3.500331988137478e-17,0.0,1.4204504488835332e-17,0.3205937099636506,0.0,6.672550407782013e-17,0.1896088983120831,0.47224311748525594,0.01755427423901009,0.0,0.0
2012-03-02,1.6141348062497383e-16,0.0,1.0201320287326415e-16,7.923959106736702e-17,0.3152635743172782,0.0,3.7057427342589665e-17,0.44541103684480843,0.23932538883791346,0.0,7.474160361636673e-17,0.0
2012-03-05,0.0,0.0,2.2763915844562753e-16,0.0,0.2528191184221269,0.0,4.03968757604193e-17,0.507239220410747,0.23994166116712504,8.921933313873432e-16,8.559519376518903e-17,0.0
2012-03-06,1.1217433674926382e-16,1.365665718261694e-16,1.275995810486339e-16,0.0,0.1087578563353782,0.0,0.0,0.28342074303448694,0.40940811582813347,0.1984132848020012,1.054564456756854e-16,0.0
2012-03-07,0.0,0.0,3.903682795129037e-16,1.8398470809672478e-17,0.28309167172716937,2.0513902587978205e-16,0.0,0.11400098150266655,0.3880885617781455,0.2148187849920184,0.0,0.0
2012-03-08,0.0,0.0,0.0,0.0,0.128976499832759,0.0,0.0,0.29723125777971,0.4150531051241854,0.15873913726334615,0.0,0.0
2012-03-09,7.025225028615249e-18,9.701654448968837e-17,0.0,0.0,0.12358230972601153,1.1907190716832598e-16,4.492489404211109e-17,0.4207882453423868,0.4497876930128198,0.0058417519187818415,0.0,0.0
2012-03-12,2.905382076765221e-17,0.0,0.0,1.0206874628091469e-16,0.2161551337197082,0.0,5.562103034981489e-17,0.46504299129171783,0.21588882047373792,0.10291305451483625,7.638775627318713e-17,0.0
2012-03-13,2.8147546427450545e-16,2.0059538563129115e-16,2.0152504586711802e-16,0.0,0.1670797888956655,0.02357060296626471,5.298723142531066e-17,0.13704477147325705,0.4608013956184431,0.21150344104636912,0.0,0.0
2012-03-14,1.6306527356401502e-17,3.4021511226160384e-17,7.152284349783633e-17,5.299317320267572e-17,0.2916923253696068,0.11760905265846876,6.741823650228466e-17,0.04928335335012472,0.4797866039613762,0.06162866466042335,0.0,0.0
2012-03-15,0.0,0.0,0.0,0.0,0.48007166732382367,2.0922194467812167e-16,0.0,0.0,0.5199283326761764,5.158271006304278e-17,0.0,0.0
2012-03-16,0.0,0.0,0.0,2.7267655616309003e-17,0.47272401986459195,6.6136137076847005e-18,5.104989119029754e-17,0.0,0.5272759801354083,0.0,5.889009857459593e-17,0.0
2012-03-19,2.4224497495278316e-17,0.0,0.037354820729781725,7.184294700333507e-17,0.4774649953222066,2.4419496756538102e-18,2.247851780601242e-17,0.0,0.48518018394801177,0.0,1.417377400594977e-17,0.0
2012-03-20,0.0,0.0,1.3144742402287257e-16,0.0,0.4756431769232418,0.010227928206416244,6.465055567533141e-18,0.0,0.5141288948703421,0.0,0.0,0.0
2012-03-21,0.0,0.0,1.1519437084482818e-17,3.901265997861887e-17,0.8873204847901659,6.366720213517057e-16,0.0,0.0,0.11267951520983356,0.0,1.8667352518071274e-16,0.0
2012-03-22,5.140270367604618e-18,0.0,0.0,8.954119036630725e-17,0.8075612214749643,0.0,4.804092464353993e-17,4.062256060687024e-17,0.192438778525036,6.691638048745601e-17,0.0,0.0
2012-03-23,9.589729072811896e-17,2.0059629913305959e-16,0.0,1.1961684538904617e-16,0.8356536621928167,6.21120476531847e-16,1.2085371185718121e-16,0.0,0.16434633780718233,0.0,0.0,0.0
2012-03-26,1.641818933970477e-17,8.101403617949806e-17,4.523186230457357e-17,8.864796466281535e-17,0.8506403041448637,1.8794455561115817e-18,9.567616472500073e-17,2.7683089216167786e-17,0.14935969585513584,6.344199944741452e-17,1.556288967548774e-16,0.0
2012-03-27,0.0,3.1404107674181963e-17,0.0,3.747275393122526e-17,0.7656525903987149,0.0,1.9804916659778283e-17,4.896375379331365e-17,0.23434740960128503,1.388091168740475e-16,4.679528116735845e-16,0.0
2012-03-28,7.533466574377941e-18,0.0,0.0,0.0,0.8227521984018534,1.90021720668431e-16,2.0204257534808855e-16,2.8280868408274177e-16,0.17724780159814613,0.0,9.940469724032552e-17,0.0
2012-03-29,1.4158208553925678e-16,3.143121976556176e-16,0.0,1.3847531995670084e-16,0.9227285867538292,0.0,1.1828937033163546e-16,1.143510626263936e-16,0.0772714132461703,0.0,1.0636586626496119e-16,0.0
2012-03-30,0.0,0.0,8.72652622592543e-17,2.061740575881789e-16,0.9049388719236405,0.0,8.349422028751025e-17,8.042114186181808e-18,0.09506112807635972,3.714138222334709e-18,0.0,0.0
2012-04-02,0.0,0.0,3.0641564456306765e-16,0.0,0.8145651016376594,0.08549050183713983,0.0,4.0756329120803197e-16,0.03359934779533345,0.06634504872986854,0.0,0.0
2012-04-03,1.022341779112623e-16,2.2845039112981475e-16,0.0,0.0,0.771312879323392,0.19586975448375937,5.372462333353372e-17,0.0,1.0254512106388415e-16,0.0328173661928483,6.315498123551382e-17,0.0
2012-04-04,0.0,0.0,0.0,0.0,0.7630231118235157,0.20285411940963963,0.0,3.1695919708960786e-17,6.982352252339856e-16,0.03412276876684561,0.0,0.0
2012-04-05,0.0,0.0,0.0,0.0,0.7033859218567794,0.2789350391978169,0.0,1.172262432413142e-16,1.5791566963510912e-15,0.017679038945403687,0.0,0.0
2012-04-09,0.0,0.0,0.0,0.0,0.7903388383438845,0.2096611616561145,2.663957716548871e-16,1.009780436516417e-15,5.693419934594374e-17,7.926146819876145e-16,0.0,0.0
2012-04-10,0.0,0.0,0.0,0.0,0.8363175177978656,0.16368248220213438,1.474246671807321e-16,5.918293889263657e-17,7.358444763344715e-16,6.312744654930328e-16,0.0,0.0
2012-04-11,2.6509368761640196e-16,0.0,5.285129874146238e-18,2.923559748513656e-16,0.9440715789659541,0.055928421034046646,1.243097299978486e-16,0.0,0.0,0.0,1.355993772374652e-17,0.0
2012-04-12,7.766721682197834e-18,1.5045783935794377e-16,0.0,0.0,0.924963782283317,0.07503621771668352,1.5134411979363932e-16,0.0,0.0,0.0,0.0,0.0
2012-04-13,4.304059081531559e-16,2.612871113014197e-16,0.0,3.2775696244104693e-16,1.0,0.0,0.0,3.2079720049825635e-17,0.0,1.4911179865077569e-16,4.3501273272469223e-17,0.0
2012-04-16,8.765049000671159e-16,3.5461428811063e-16,9.41370453185661e-17,2.920797612583667e-16,0.7667555928000569,0.23324440719994113,0.0,1.094346842383568e-16,0.0,5.400166984092449e-16,0.0,0.0
2012-04-17,0.0,0.0,0.0,0.0,0.5022084762599288,0.49779152374007224,1.9783617092476283e-16,0.0,8.482735913180986e-16,1.7297455911172965e-16,0.0,0.0
2012-04-18,1.1331072020490852e-16,0.0,0.0,0.0,0.5135004480704427,0.4864995519295581,2.690521415769781e-16,0.0,2.9822534392657307e-16,1.0023335572868124e-16,1.1747275636314771e-17,0.0
2012-04-19,4.3208932111204934e-16,0.0,1.3231168924320862e-17,4.4270956720142535e-16,0.3841476819352102,0.5930712768454067,4.68012377206661e-16,0.0,0.02278104121938272,0.0,2.080634773939582e-17,0.0
2012-04-20,0.0,0.0,0.0,0.0,0.25163485777624855,0.7483651422237585,0.0,0.0,1.1316585485727838e-16,0.0,0.0,0.0
2012-04-23,4.0225348627278323e-16,1.267131299770528e-16,0.0,0.0,0.16346425476472082,0.8365357452352806,0.0,0.0,0.0,1.8990061068129654e-16,0.0,0.0
2012-04-24,1.1116614322938814e-15,3.693267553963904e-16,1.4248861575145506e-15,5.626848510463369e-16,0.32327209240113286,0.676727907598863,2.1706652596892578e-16,0.0,8.710488613634151e-16,0.0,0.0,0.0
2012-04-25,6.185213187187345e-16,1.170873699575213e-16,5.760060659332992e-16,4.2675325851663447e-16,0.1159614182367265,0.8840385817632714,2.4103971226031297e-16,4.921516793753854e-16,0.0,3.4513764940791695e-16,2.1090903126208257e-16,0.0
2012-04-26,0.0,0.0,0.0,0.0,0.1588966579329857,0.8411033420670139,9.323906526216647e-18,0.0,1.9186665105811257e-15,0.0,0.0,0.0
2012-04-27,1.8458498905759244e-16,1.3596719498176342e-16,8.214751678329067e-17,0.0,0.11897830576501821,0.8810216942349813,1.991482148312004e-17,0.0,6.020063348634441e-16,3.595545191218858e-17,0.0,0.0
2012-04-30,0.0,0.0,0.0,2.2027249663759125e-16,0.001822042174640789,0.7641005038975143,0.0,1.919703561292163e-16,0.23407745392784518,1.7635123131902244e-16,0.0,0.0
2012-05-01,0.0,0.0,1.324802199742265e-16,0.0,0.0,0.707943523849656,1.0123856570153039e-16,2.201787008005079e-16,0.2920564761503443,0.0,8.450938481866805e-17,0.0
2012-05-02,0.0,0.0,0.0,0.0,0.0,0.8209116317786714,0.0,6.616017458529649e-16,0.17908836822133087,4.0560397353949745e-16,0.0,0.0
2012-05-03,4.03275675276726e-16,5.285765353538345e-17,0.0,7.325332002214781e-17,0.0,0.7611532847357244,3.970414193932625e-16,0.0,0.23884671526427526,0.0,0.0,0.0
2012-05-04,1.5390230095839742e-16,2.454771256993768e-16,4.537102264202518e-16,0.0,0.0,0.8567742636596295,0.0,0.0,0.1432257363403713,0.0,0.0,0.0
2012-05-07,7.791869310237564e-17,4.38047221899084e-16,5.284073269375215e-16,6.645196290580882e-16,1.0352106146438188e-15,0.9999999999999994,0.0,1.0566050343125333e-15,0.0,0.0,9.719358787994118e-16,0.0
2012-05-08,1.102341880435775e-15,1.1462384219486901e-15,3.020689028366927e-15,5.97872838033737e-16,1.2943846359155103e-15,0.8271944230576928,0.0,0.0,4.264996451294913e-16,0.17280557694229962,1.6139566409198506e-15,0.0
2012-05-09,0.0,0.0,0.0,0.0,0.0,0.7723533636536235,1.3986504179346213e-16,3.88900310886312e-16,0.0,0.22764663634638319,0.0,0.0
2012-05-10,0.0,0.0,0.0,3.278630614175592e-17,4.4519861442572294e-17,0.7118093040842053,0.09948924585523698,0.0,0.0,0.1887014500605615,0.0,0.0
2012-05-11,0.0,0.0,0.0,0.0,0.0,0.4962991168130698,0.24812375803595038,7.157978275037204e-16,2.0404056855591907e-17,0.2555771251509806,2.779949216814108e-17,0.0
2012-05-14,0.0,0.0,0.0,0.0,1.6379347436008837e-17,0.28688559321480883,0.3570739228651242,1.0598047686031978e-15,2.244441027876109e-16,0.3560404839200666,0.0,0.0
2012-05-15,8.358986220420642e-16,8.258154690886424e-16,2.1484809040536858e-16,9.983654191160377e-16,5.650517360650639e-16,0.3572579557841497,0.3513971227917137,0.0,2.095601318138885e-16,0.2913449214241337,4.264196576799581e-16,0.0
2012-05-16,0.0,0.0,0.0,0.0,0.0,0.5176313113842042,0.21222103530389327,8.001276957565977e-15,0.0,0.27014765331192014,0.0,0.0
2012-05-17,0.0,5.725103770607613e-16,0.0,4.002175045797577e-16,1.755505448543594e-15,0.7180467755064603,0.11924498030726302,4.3719284813661094e-16,2.5700049071997357e-16,0.16270824418627303,9.738888672984527e-16,0.0
2012-05-18,7.68978470761717e-15,7.448954198378592e-15,1.682433645492421e-14,6.4801976888388964e-15,9.164159173826691e-15,0.9139615435392655,0.08603845646049867,1.4008837273053952e-13,4.014746473824354e-14,0.0,2.6125927549609575e-14,0.0
2012-05-21,0.0,0.0,0.0,0.0,0.0,0.5556213981318461,0.4443786018686253,0.0,0.0,0.0,0.0,0.0
2012-05-22,3.943949206939673e-15,2.2165573798326593e-15,6.236004667707801e-15,4.880222410630667e-15,5.56222282563092e-15,0.7604950836769984,0.23950491632284715,1.2808888186997646e-13,1.8833618485440293e-14,0.0,8.28085363757072e-15,0.0
2012-05-23,2.6659085003689047e-15,3.571140574033446e-15,5.2484551219475116e-15,2.0940269305701693e-15,5.2021620897909074e-15,0.39988450214303956,0.6001154978568926,3.699775305379562e-14,1.3172620615878142e-14,0.0,4.254665111009813e-15,0.0
2012-05-24,1.966338693520704e-15,1.860921455113472e-15,3.347514831676539e-15,3.094331841640631e-15,2.1711935861330486e-15,0.0,0.7449000921079195,1.3604004517535272e-15,3.860567842074791e-15,0.25509990789210807,2.1240698068908758e-15,0.0
2012-05-25,0.0,0.0,0.0,0.0,0.0,0.07540409199583654,0.6960704834366621,0.0,0.0,0.22852542456751349,0.0,0.0
2012-05-29,0.0,0.0,0.0,0.0,0.0,0.3027094751360337,0.6966833180898931,0.0,0.0,0.0006072067742371743,0.0,0.0
2012-05-30,0.0,0.0,0.0,0.0,0.0,0.3443470352876034,0.5567034460315109,0.0,0.0,0.09894951868089683,0.0,0.0
2012-05-31,0.0,0.0,0.0,0.0,0.0,0.2315807972217696,0.768419202778286,4.605569798732985e-14,0.0,0.0,0.0,0.0
2012-06-01,0.0,2.841906646609656e-16,2.4379225061067453e-17,3.390475077091382e-16,3.338585602674449e-16,0.18540871976538117,0.8145912802346251,0.0,0.0,0.0,0.0,0.0
2012-06-04,0.0,0.0,0.0,0.0,0.0,9.729196615015923e-14,0.9999999999999559,0.0,0.0,3.6339159740265975e-14,0.0,0.0
2012-06-05,0.0,0.0,0.0,0.0,0.0,0.0,1.0,0.0,0.0,0.0,0.0,0.0
2012-06-06,0.0,0.0,0.0,0.0,0.0,0.0,1.0,0.0,0.0,0.0,0.0,0.0
2012-06-07,0.0,0.0,0.0,0.0,0.0,0.0,1.0,0.0,0.0,0.0,0.0,0.0
2012-06-08,0.0,0.0,0.0,0.0,0.0,1.4210854715202004e-14,0.9999999999999997,0.0,0.0,1.4357024002753703e-14,0.0,0.0
2012-06-11,0.0,0.0,0.0,0.0,0.0,1.1438766600591066e-14,1.0,0.0,0.0,6.758881200377975e-15,0.0,0.0
2012-06-12,0.0,0.0,0.0,0.0,0.0,2.989969383193625e-14,0.9999999999999992,0.0,0.0,1.5314768520427158e-15,0.0,0.0
2012-06-13,1.2403957298318518e-14,8.860840091499391e-15,9.062000251009536e-15,1.1919007183865703e-14,8.101450290196536e-15,0.0,0.9999999999999394,3.188954707697048e-14,2.0599684459920286e-14,4.3101539292852174e-14,3.4169697211153287e-14,0.0
2012-06-14,2.4328402108141584e-15,1.405847889089003e-15,2.1553027969525203e-15,2.6229064482403145e-15,1.594018713952818e-16,0.0,0.9999999999999983,6.093489913639139e-15,4.77789605991515e-15,7.235054887940768e-15,5.2632439299229275e-15,0.0
2012-06-15,6.2805212555970726e-15,5.629870284447323e-15,5.25331288804909e-15,9.066411093742604e-15,2.98389734987874e-15,0.0,0.9999999999999972,0.0,1.271626767976112e-14,2.464891019233478e-14,1.1604247959502792e-14,0.0
2012-06-18,0.0,0.0,0.0,0.0,0.0,1.3572476476042539e-14,1.0,2.746518065740503e-15,0.0,0.0,0.0,0.0
2012-06-19,0.0,0.0,0.0,0.0,0.0,6.897260540483785e-15,1.0,6.378851739356024e-15,0.0,1.1002913500924996e-15,0.0,0.0
2012-06-20,3.307267023472712e-15,2.236970064112473e-15,2.8288027435183205e-15,5.372789418890966e-15,1.9683860385079843e-15,0.0,0.9999999999999862,0.0,5.356356746581688e-15,3.25279221786864e-15,3.7130852012032e-15,0.0
2012-06-21,1.4063806794500096e-14,7.897458748827888e-15,9.216018909601377e-15,1.1813055854165557e-14,4.962410138813945e-15,0.0,0.9999999999999124,3.975986206938842e-15,1.6193453401280323e-14,8.49156913655618e-15,1.5922982317270784e-14,0.0
2012-06-22,1.3791051634015616e-15,5.950101522600448e-16,1.042568809062061e-15,1.353951672999898e-15,0.0,3.969914674772923e-15,0.9999999999999959,4.814725007573628e-15,2.336672522140759e-15,0.0,0.0,0.0
2012-06-25,7.025630077706069e-17,0.0,0.0,0.0,0.0,0.0,1.0,2.308049584787142e-15,0.0,0.0,1.3711254354120683e-14,0.0
2012-06-26,7.515515987321919e-14,3.960026750959855e-14,6.251249518030022e-14,6.925016116099414e-14,3.166217288352868e-14,2.7527286006190366e-13,0.9999999999987985,2.926131559277678e-13,1.0382666948416386e-13,4.0179665150574806e-13,0.0,0.0
2012-06-27,0.0,0.0,0.0,0.0,0.0,0.0,1.0,0.0,0.0,0.0,2.1113666370808915e-13,0.0
2012-06-28,4.6960699218168145e-14,3.090474924583031e-14,5.455510175556011e-14,5.334578265236978e-14,2.3546052260736694e-14,1.3134285326010797e-13,0.9999999999995854,1.6906896889434808e-13,7.684759946446906e-14,1.9453839580907406e-13,0.0,0.0
2012-06-29,7.225123277443402e-16,0.0,0.0,0.0,0.0,0.0,1.0,0.0,0.0,0.0,3.5901837058816e-14,0.0
2012-07-02,0.0,0.0,0.0,0.0,0.0,2.1471106143033936e-14,1.0,0.0,0.0,0.0,1.0533891467434664e-13,0.0
2012-07-03,0.0,8.890457814381136e-17,0.0,1.2754554357119474e-15,4.909267437014364e-16,0.0,0.9367280978035809,0.0,4.852888924045118e-16,0.0,0.06327190219641922,0.0
2012-07-05,0.0,0.0,0.0,0.0,0.0,2.7096380694757727e-15,0.8329670234300685,0.0,0.0,2.8796409701215e-16,0.1670329765699344,0.0
2012-07-06,0.0,0.0,0.0,0.0,0.0,2.114627917215728e-15,0.8186667283546696,0.0,0.0,1.7690926848445976e-15,0.18133327164533414,0.0
2012-07-09,3.4512323554558577e-15,3.4416913763379853e-15,3.92828131134948e-15,5.217180854000247e-15,3.116430724592334e-15,0.0,0.8988104970410904,8.633718739936569e-15,5.156465532341059e-15,0.0,0.10118950295888952,0.0
2012-07-10,0.0,0.0,0.0,0.0,0.0,2.902734476395441e-15,0.8586978588856343,0.0,0.0,6.904741535473935e-16,0.1413021411143715,0.0
2012-07-11,5.827586677109586e-17,0.0,0.0,0.0,6.905283636560178e-16,2.9751591815174727e-15,0.8074575311770631,0.0,0.0,0.0,0.19254246882293852,0.0
2012-07-12,9.967070571659242e-16,7.475573979287553e-16,1.508775743230828e-15,1.0067901373700394e-15,7.657719944265118e-16,0.0,0.7523650436845646,0.0,9.35991735506736e-16,1.0074406586735307e-15,0.24763495631543156,0.0
2012-07-13,3.5735303605122226e-16,8.716985466783456e-16,0.0,6.800116025829084e-16,0.0,0.0,0.8317085353644197,0.0,3.660266534311063e-16,1.0920084281274e-15,0.16829146463557898,0.0
2012-07-16,0.0,0.0,0.0,2.7538735181131813e-17,0.0,0.0,0.7792341822545427,0.0,3.8424124992886277e-16,2.704000218178848e-16,0.22076581774545956,0.0
2012-07-17,0.0,0.0,0.0,0.0,4.100452616340178e-16,7.968885967768458e-16,0.7152779598519536,3.968179951296946e-17,0.0,0.0,0.2847220401480479,0.0
2012-07-18,0.0,0.0,0.0,0.0,0.0,0.0,0.6641874678635791,8.014422459012849e-16,0.0,0.0,0.33581253213643086,0.0
2012-07-19,0.0,0.0,0.0,0.0,0.0,2.476317761956892e-16,0.6542554853478114,1.9090631853124762e-15,0.0,0.0,0.34574451465219386,0.0
2012-07-20,6.130079083233042e-16,1.2880321809127793e-15,6.041174505089231e-16,6.132247487578013e-16,6.29704621779581e-16,0.0,0.8163809674060364,0.0,7.055987738535663e-16,2.2217470918572957e-15,0.1836190325939596,0.0
2012-07-23,0.0,1.925543058334256e-15,7.710845850716908e-16,8.187894806610529e-16,1.289766904388756e-15,0.0,0.879417118425413,1.8362047993214503e-15,1.56472057533108e-15,1.6106907474444654e-15,0.12058288157458003,0.0
2012-07-24,8.455638533105825e-15,1.3938882600234015e-14,8.03789543604716e-15,8.980067123937063e-15,6.354779983480663e-15,0.0,0.8943584943080002,5.061923102900323e-15,8.276419913993971e-15,2.3471350731052443e-14,0.10564150569192222,0.0
2012-07-25,0.0,0.0,0.0,0.0,0.0,3.4382219293860317e-14,1.0,0.0,0.0,0.0,7.482903185973555e-14,0.0
2012-07-26,1.2812667593564697e-14,1.6898808741228066e-14,1.4499686173952142e-14,1.1450909664922904e-14,6.613633252161577e-15,0.0,0.999999999999982,4.4101874929758367e-14,1.0152469143154264e-14,7.58273652201602e-14,0.0,0.0
2012-07-27,0.0,0.0,0.0,0.0,0.0,7.288061213556185e-15,0.9755318506140878,0.0,0.0,0.0,0.024468149385940958,0.0
2012-07-30,0.0,4.0462425077159025e-16,0.0,0.0,0.0,1.6089560239684886e-16,0.9568077957773302,8.283304597789254e-17,1.3270634591222574e-16,0.0,0.043192204222671476,0.0
2012-07-31,3.382710778154774e-16,0.0,0.0,4.9873299934333204e-17,0.0,8.756016744992934e-16,1.0,0.0,0.0,3.170207152347615e-16,0.0,0.0
2012-08-01,5.217180854000247e-16,0.0,0.0,3.3393426912553537e-16,4.605690828718423e-16,0.0,0.8096775010250269,2.740863092043355e-16,9.107298248878237e-17,7.24247051220317e-17,0.19032249897497175,0.0
2012-08-02,0.0,0.0,0.0,0.0,0.0,6.755663736757178e-16,0.7659132710823741,1.174516213453547e-15,0.0,0.0,0.23408672891762905,0.0
2012-08-03,2.3548871186385156e-16,1.8214596497756474e-16,0.0,2.0643209364124004e-16,2.92300905702092e-16,0.0,0.6609500917108975,7.936359902593892e-16,0.0,0.0,0.3390499082891018,0.0
2012-08-06,0.0,0.0,0.0,0.0,0.0,0.0,0.738744808391303,0.0,0.0,0.0,0.26125519160870125,0.0
2012-08-07,0.0,5.230191280070073e-16,3.559435732269911e-16,1.1622647289044608e-16,5.465463151499428e-16,0.0,0.5106824274745907,0.0,2.601001011792725e-16,0.0,0.4893175725254104,0.0
2012-08-08,7.892991815694472e-17,1.2750217548429532e-16,7.237049501340742e-17,1.9168694409543718e-16,6.071532165918825e-18,0.0,0.47114497791540283,0.0,1.8626593323300966e-16,0.0,0.528855022084597,0.0
2012-08-09,6.201636426617085e-17,0.0,1.8648277366750676e-17,9.107298248878237e-18,0.0,0.0,0.2631394122007874,0.0,0.0,0.0,0.736860587799214,0.0
2012-08-10,0.0,0.0,1.2533377113932431e-16,4.0332320816460765e-17,5.4643789493269423e-17,0.0,0.43015861826297375,1.3444106938820255e-16,5.941427905220564e-17,2.168404344971009e-17,0.5698413817370268,0.0
2012-08-13,0.0,0.0,3.729655473350135e-17,2.894819800536297e-17,1.7780915628762273e-17,1.7623706313751875e-16,0.3040793939525582,2.42861286636753e-17,0.0,4.336808689942018e-17,0.6959206060474415,0.0
2012-08-14,2.42861286636753e-17,3.469446951953614e-17,0.0,5.204170427930421e-18,0.0,0.0,0.3593832031154095,0.0,8.673617379884035e-18,0.0,0.6406167968845905,0.0
2012-08-15,0.0,0.0,9.324138683375338e-18,4.119968255444917e-18,4.553649124439119e-18,0.0,0.4364499227501667,4.7704895589362195e-18,0.0,2.168404344971009e-19,0.5635500772498334,0.0
2012-08-16,0.0,0.0,0.0,1.734723475976807e-17,2.7755575615628914e-17,8.326672684688674e-17,0.28057967790117816,7.28583859910259e-17,2.42861286636753e-17,0.0,0.7194203220988218,0.0
2012-08-17,3.469446951953614e-18,0.0,3.469446951953614e-18,3.209238430557093e-17,7.806255641895632e-18,0.05488881172991276,0.04843214235013217,2.2551405187698492e-17,0.0,3.469446951953614e-18,0.8966790459199551,0.0
2012-08-20,6.179952383167375e-18,6.028164079019405e-17,0.0,0.0,0.0,0.04856679062485575,0.12018024238300018,1.8648277366750676e-17,0.0,4.7704895589362195e-18,0.831252966992144,0.0
2012-08-21,3.122502256758253e-17,2.0816681711721685e-17,3.686287386450715e-17,1.1709383462843448e-17,0.05727561092127177,2.688821387764051e-17,0.15516916431305752,0.0,4.0332320816460765e-17,0.0,0.7875552247656706,0.0
2012-08-22,0.0,0.0,0.0,1.3010426069826053e-18,0.12107907908592672,7.204523436166177e-17,0.0024131456613109455,0.0,0.0,1.4365678785432934e-17,0.8765077752527624,0.0
2012-08-23,0.0,0.0,2.3418766925686896e-17,0.0,0.15855690918784854,0.0,0.015130719204566875,1.6046192152785466e-17,0.0,7.48099499014998e-18,0.8263123716075846,0.0
2012-08-24,4.2473620107119636e-17,0.1320182383710501,0.0,1.39455504435948e-17,0.0,0.0,4.377466271410224e-18,0.0,4.751516020917723e-17,0.15669984030828946,0.7112819213206605,0.0
2012-08-27,0.0,0.21911332673573586,1.8539857149502126e-17,0.0,2.417770844642675e-17,0.0,2.0491421059976034e-17,0.14360941925794304,3.924811864397526e-17,1.8865117801247777e-17,0.637277254006321,0.0
2012-08-28,1.1736488517155585e-17,0.0230954358926301,6.505213034913027e-19,0.0,0.08467781318285242,0.1779078685980272,0.0,0.18614331061301675,6.765421556309548e-17,0.15848479887327022,0.36969077284020324,0.0
2012-08-29,1.720493322462935e-17,0.04648662016515092,0.07613693464225156,1.4955213716721927e-17,0.010695346456208137,0.1977822430275845,0.0,0.12498850867119968,0.0,0.31117783525251197,0.2327325117850934,0.0
2012-08-30,0.0,5.551115123125783e-17,0.09322310424695966,0.0,0.03324963759704025,0.25557098218985363,1.9895109865109006e-17,0.1722846882773733,0.0,0.06926946258578606,0.37640212510298704,0.0
2012-08-31,6.715277205832093e-17,0.0,0.0017269613532558867,3.6835768810195013e-17,0.0,0.2288202280648153,2.3845671531103063e-17,0.32467518753276814,0.0,0.04286239723506202,0.40191522581409866,0.0
2012-09-04,2.2768245622195593e-18,2.1521413123837263e-17,0.0,0.0,0.00250868585191169,7.838781707070197e-17,0.0,0.32566696156165553,4.174178364069192e-18,0.23370607926161216,0.4381182733248205,0.0
2012-09-05,3.426078865054194e-17,4.163336342344337e-17,4.85722573273506e-17,0.0,2.5153490401663703e-17,0.028850218474472153,5.941427905220564e-17,0.34214560784446124,6.087795198506107e-17,0.18761836070311155,0.4413858129779549,0.0
2012-09-06,1.9542744159051217e-17,0.0,1.951563910473908e-17,0.0,0.03625099990860199,0.0,0.0,0.17796277668313862,4.537386091851836e-17,0.486527114083095,0.2992591093251645,0.0
2012-09-07,0.0,0.0,0.004445661801335775,0.0,0.07167082582777003,1.4203048459560108e-17,3.6917083973131426e-17,0.23213709969558538,9.535558107010011e-17,0.43977186775916555,0.2519745449161432,0.0
2012-09-10,0.0,0.0,0.09607617917355168,0.0,0.0,0.0,1.5016200088924236e-17,0.03914489997716048,0.23196034359008555,0.43273592451210974,0.20008265274709255,0.0
2012-09-11,0.0,0.02110348735132009,0.07287078204744955,4.3747557659790104e-17,0.0,1.431146867680866e-17,5.864178500430972e-17,0.0,0.31167473930134043,0.2930407279537764,0.30131026334611366,0.0
2012-09-12,4.445228907190568e-17,0.02650507296974886,0.11970879387911139,0.0,2.3879552848993235e-17,2.144009796090085e-17,0.0,1.1302807648161384e-17,0.2240088477429652,0.29912983539309884,0.3306474500150758,0.0
2012-09-13,3.2255014631443757e-18,0.143667246410254,0.3243768407514251,3.9410748969848086e-17,0.0,0.0,1.6609977282477928e-16,5.889928302027503e-17,0.03738189729339836,0.035663631344631574,0.4589103842002907,0.0
2012-09-14,1.9209860210780277e-17,0.11753190720467221,0.27322817854233056,0.0,0.0,8.521829075736065e-17,0.0,1.2685165418080402e-17,0.0,0.127082538242627,0.4821573760103703,0.0
2012-09-17,0.0,0.21583351312160248,0.26614425267531794,0.0,8.565197162635485e-18,4.3530717225293e-17,0.0,3.130633773051894e-17,1.7900177867735678e-16,0.1839661272299209,0.33405610697315874,0.0
2012-09-18,1.622237500581436e-17,0.42716635944681036,0.0,6.257879414314771e-17,0.0,7.162510601982364e-18,0.0,0.0,0.03486163622348995,0.29199261137559834,0.24597939295410146,0.0
2012-09-19,5.957690937807847e-17,0.42531991368931693,7.92009687000661e-17,0.0,0.0,0.0,0.0,9.443400922348744e-17,0.03806366364735904,0.20671636851611744,0.32990005414720647,0.0
2012-09-20,0.0,0.35234088473761127,0.008137335549558894,0.0,0.0,0.0,1.2671612890924333e-17,0.0,0.2989869082904499,0.0014754058410889434,0.339059465581291,0.0
2012-09-21,3.4193026014761596e-17,0.3868333639341659,0.0,0.0,0.0,0.0,3.8563716022593786e-17,2.5837893023045178e-17,0.21237179024470687,2.3513634615779377e-17,0.4007948458211272,0.0
2012-09-24,0.0,0.2871244676917322,0.0,0.0,0.0,8.836247705756861e-18,9.21029745526436e-17,1.8192573641127863e-17,0.2575710956696198,7.434619936287808e-18,0.4553044366386482,0.0
2012-09-25,0.0,0.19333494437447024,4.96564594998361e-17,0.0,2.6237692574149207e-17,3.436920886779049e-17,0.0,2.6129272356900657e-17,0.3428116015430697,0.0,0.4638534540824601,0.0
2012-09-26,3.5778671692021646e-17,0.15494496706088517,0.0,4.0115480381963664e-17,0.0,0.0,6.657001339060997e-17,0.053831588178996144,0.26083411526851535,1.1926223897340549e-17,0.5303893294916033,0.0
2012-09-27,2.0599841277224584e-17,0.17503940773160662,0.0,1.951563910473908e-18,0.0,2.42861286636753e-17,0.0,0.013065133532390449,0.2980098001385711,1.5829351718288365e-17,0.5138856585974318,0.0
2012-09-28,0.0,1.3292318634672284e-16,0.0,0.0,0.0,0.0,3.5561831257524545e-17,0.12284772987155362,0.423621357975662,0.0,0.45353091215278435,0.0
2012-10-01,1.0245710529988017e-17,0.17807338253462893,0.0,0.0,1.734723475976807e-17,3.968179951296946e-17,6.282951589553498e-17,0.2581940659347407,0.1295542096855398,0.0,0.4341783418450906,0.0
2012-10-02,0.0,0.24382054156607574,1.5699247457590104e-16,5.898059818321144e-17,0.0,6.418476861114186e-17,0.0,0.544157528082619,3.0357660829594124e-18,0.0,0.21202193035130534,0.0
2012-10-03,2.7538735181131813e-17,0.2760288291187258,0.0,0.0,7.068998164605489e-17,7.26415455565288e-17,0.0,0.4594251605386999,0.05843427781091103,9.825582188149884e-20,0.20611173253166323,0.0
2012-10-04,0.0,0.16957788771646742,0.021551950903851536,0.0,0.0,0.0,6.960577947356938e-17,0.6207343228865091,0.09726349611963399,5.204170427930421e-17,0.09087234237353797,0.0
2012-10-05,0.0,0.00800341854202883,0.0,0.0,5.827586677109586e-17,2.3310346708438345e-18,0.0,0.6286178427946552,0.3246669341440132,0.0,0.03871180451930317,0.0
2012-10-08,0.0,4.949382917396328e-17,0.04358096957012183,0.0,0.0,0.0,6.494371013188172e-17,0.3980480302081136,0.4006897821892996,8.57603918436034e-17,0.15768121803246493,0.0
2012-10-09,3.6591823321385775e-17,0.024832720327898884,0.0,0.0,0.0,0.0,0.0,0.47124867842890444,0.3923796071977114,1.0855574252011113e-17,0.11153899404548552,0.0
2012-10-10,3.7133924407628527e-17,0.18281487357672224,0.010410262152577846,1.9488534050426942e-16,7.448468924975415e-17,5.187907395343139e-17,0.0,0.30308472756931426,0.4081481075613863,4.3286771736483765e-17,0.09554202913999897,0.0
2012-10-11,7.762887554996212e-17,0.0,0.3662314048049118,0.0,0.0,0.0,1.7564075194265172e-17,0.0,0.4647444971986944,1.1774435593192578e-16,0.16902409799639395,0.0
2012-10-12,0.0,2.097931203759451e-17,0.6924148621764998,1.5720931501039814e-18,3.924811864397526e-17,0.0,0.0,2.185751579730777e-16,0.052858903673479916,1.1926223897340549e-17,0.2547262341500199,0.0
2012-10-15,9.974659986866641e-18,3.903127820947816e-17,0.6028622642955304,4.119968255444917e-18,6.938893903907228e-17,0.0,2.3527187142935446e-17,1.0061396160665481e-16,8.673617379884035e-17,3.5561831257524545e-17,0.3971377357044694,0.0
2012-10-16,4.0766001685454967e-17,0.0,0.5670915438153461,0.0,8.033938098117588e-17,0.0,0.0,0.2667335807261429,2.7582103268031233e-16,5.670377362099188e-17,0.166174875458511,0.0
2012-10-17,6.331740687315346e-17,1.5829351718288365e-16,0.3508219589390064,1.3444106938820255e-16,4.369334755116583e-17,1.7780915628762273e-17,2.168404344971009e-19,0.49104998521941473,0.13549804901433474,0.0,0.022630006827243844,0.0
2012-10-18,0.0,5.941427905220564e-17,0.29313969539491225,1.702197410802242e-17,0.0,0.0,9.974659986866641e-18,0.43313868985140996,0.11531926916758012,1.238158880978446e-16,0.1584023455860974,0.0
2012-10-19,0.0,1.1622647289044608e-16,0.2569125131853259,6.288372600415926e-17,4.006127027333939e-17,9.942133921692076e-17,0.0,0.2765674508919014,0.21642450371253802,2.6020852139652106e-18,0.25009553221023456,0.0
2012-10-22,0.0,3.2699537522162814e-16,0.5095181382370745,0.0,0.0,9.562663161322149e-17,0.0,0.18991349775599548,0.15261725877023244,0.0,0.14795110523669758,0.0
2012-10-23,3.154192041560317e-16,0.0,0.7252242480351625,7.952238716027615e-18,5.526628718504207e-17,0.0,7.019590859325019e-17,0.23340194518579424,0.041373806779042906,1.9534684242117583e-17,6.130495870307044e-18,0.0
2012-10-24,1.1817320442762868e-16,0.0,0.646429616770012,0.0,5.1712858426284244e-17,6.324490416833651e-17,0.0,0.060032642865549414,0.2935377403644384,3.8978582901406396e-17,4.611183531900604e-17,0.0
2012-10-25,2.3469631667683106e-16,0.0,0.44456029866550706,0.0,0.0,4.3198518125818073e-17,0.0,0.18255751354125332,0.3728821877932397,5.2316907907169516e-17,2.2358162284323073e-17,0.0
2012-10-26,0.0,2.981687498054845e-17,0.3907446858279734,0.0,7.145849097016822e-17,2.1622129952066678e-17,0.0,0.35776891903688723,0.2514863951351397,0.0,4.201964117981939e-17,0.0
2012-10-31,3.4402058558667754e-17,0.0,0.40225910540123083,1.4362680153091153e-16,0.0,0.0,5.041786894201163e-17,0.41795994943798304,0.17978094516078588,1.9683012442338763e-16,0.0,0.0
2012-11-01,2.001480665762412e-16,0.0,0.48482167014390104,2.945626108842877e-17,0.0,4.2419414483452494e-17,2.5681163223131313e-17,0.1664745612679495,0.34870376858814955,4.073144663771297e-17,0.0,0.0
2012-11-02,2.9137907098315417e-16,3.810681942360413e-17,0.4883057086220433,0.0,2.7512755069531407e-18,8.354261513450506e-17,0.0,0.20156529275257018,0.3101289986253863,0.0,0.0,0.0
2012-11-05,1.8646790540686712e-16,1.0743484229172416e-16,0.6223701723553717,3.646324826720841e-17,0.0,2.0060061779338426e-17,7.041974085685114e-17,0.21889936192435053,0.1587304657202777,0.0,0.0,0.0
2012-11-06,1.2877989537286572e-16,3.2844023748919135e-17,0.4297007052323307,9.678336718487872e-17,0.0,4.973004605581256e-18,0.0,0.2534315050116699,0.3168677897559995,0.0,0.0,0.0
2012-11-07,4.945545225097182e-18,0.0,0.5312941040887779,0.0,5.33256797180332e-17,0.0,4.1215665074889893e-19,0.17036768137648783,0.2983382145347344,2.1220042512097547e-17,1.0855307347728509e-16,0.0
2012-11-08,1.2756040077548463e-16,0.0,0.0,3.0498667857553874e-16,2.291944291309316e-16,0.0,0.0,1.280477409704857e-16,0.9999999999999999,0.0,9.247431254447257e-17,0.0
2012-11-09,1.8210690488630834e-16,0.0,0.1795599094606291,1.7846015612894892e-16,0.0,7.761980526515255e-17,0.0,1.7489130473476886e-15,0.8204400905393691,4.964952442835994e-17,1.6180656168113096e-16,0.0
2012-11-12,0.0,2.2158707014120046e-16,0.41256952686517756,1.2834524204526502e-16,0.0,1.303913328729821e-16,0.0,1.4173926124909512e-15,0.5874304731348207,2.855340404284235e-16,3.816329232036534e-17,0.0
2012-11-13,0.0,0.0,0.5436286480894267,0.0,0.0,0.0,0.0,0.0,0.4563713519105761,5.673525727205258e-18,0.0,0.0
2012-11-14,0.0,3.26123059611061e-17,0.23769680644704888,0.0,0.0,3.5322481305634486e-16,0.0,0.41422311559837244,0.34808007795457974,8.430971146756257e-17,0.0,0.0
2012-11-15,3.013251234863043e-16,1.3084800386404795e-16,6.661338147750939e-16,2.694453216064992e-16,2.0630687681293944e-17,0.0,0.0,0.9999999999999973,1.9598613736288805e-15,3.4922385571348587e-16,0.0,0.0
2012-11-16,1.196184619410042e-15,2.5434071788487397e-16,5.577856567443295e-15,1.0228145906849089e-15,0.0,2.61606227302374e-16,0.0,0.9999999999999941,0.0,1.6702939805325555e-16,4.28100167891542e-16,0.0
2012-11-19,0.0,4.755338372621706e-16,0.0,9.751703432826359e-17,0.0,0.0,0.0,0.9999999999999987,1.7208456881689926e-15,4.299500260289767e-16,4.1348469360469193e-16,0.0
2012-11-20,0.0,0.0,1.942890293094024e-16,0.0,3.4768361171050663e-16,0.0,2.0779314798656657e-16,0.495389253764699,0.5046107462353009,0.0,2.533746298371994e-17,0.0
2012-11-21,0.0,0.0,0.010400498703533118,0.0,0.0,8.750332077698551e-17,1.0756691157441309e-16,0.35168076927363573,0.6379187320228313,0.0,6.45349013089277e-17,0.0
2012-11-23,0.0,0.0,1.5705138265969778e-15,8.511127368259157e-17,0.0,2.890534023340682e-17,0.0,0.13239263545355776,0.867607364546441,0.0,0.0,0.0
2012-11-26,0.0,0.0,1.5524732449030344e-15,0.0,0.0,0.0,0.0,0.1610001229147126,0.8389998770852866,0.0,0.0,0.0
2012-11-27,0.0,1.396420649563328e-17,0.07553013901392944,2.3188850514963496e-16,0.0,2.0069479992599266e-16,0.0,0.13338508289495174,0.7910847780911185,7.380673010912919e-17,6.804666717513742e-17,0.0
2012-11-28,8.041183676556218e-16,0.0,0.0,1.3951438737126211e-16,8.676448693572109e-17,2.7584623068796338e-18,1.2539824084617894e-17,0.0,1.0,2.749609626429242e-16,0.0,0.0
2012-11-29,0.0,0.0,1.4176889383661142e-16,4.799513675931784e-16,0.0,4.49659073133076e-17,0.0,4.198030811863873e-16,0.9999999999999996,0.0,0.0,0.0
2012-11-30,2.8157634250605924e-16,1.0469474782267159e-16,0.0,0.0,0.0,2.102484262863285e-16,0.0,0.11573270427083765,0.8842672957291624,0.0,9.263141038925797e-17,0.0
2012-12-03,7.930746963583808e-16,1.278615512433742e-16,0.0,0.0,6.5979933663990324e-18,4.0915314691283404e-16,1.2980429780517222e-16,0.0,1.0,2.9655847534642574e-17,1.4725662630293596e-16,0.0
2012-12-04,2.876776660258875e-16,0.0,0.0,0.0,8.198854628540287e-17,0.0,9.172665325720201e-17,0.004695259158609778,0.9953047408413903,1.5070834555486799e-16,2.2483681750107813e-17,0.0
2012-12-05,0.0,2.85285785478193e-16,0.0,0.4199201926628881,0.0,0.0,0.0,0.09689571018402283,0.4831840971530889,3.526815453628766e-17,2.0066721235156727e-16,0.0
2012-12-06,3.326710429677491e-16,8.24171856227293e-16,0.0,0.295569800528674,0.0,0.17276689732851125,6.349694652413983e-16,0.5316633021428123,8.254555779188846e-17,3.928231239402485e-16,5.200857387341851e-16,0.0
2012-12-07,2.2214589853361804e-16,1.8836265781154827e-16,3.53519301612107e-16,0.4501815571738095,1.2627134697212888e-16,0.03636971873048725,0.0,0.5134487240957,2.4395937546848603e-15,0.0,1.1778229633124912e-16,0.0
2012-12-10,0.0,0.0,0.0,0.11504731435407785,0.0,0.7281789023193743,0.0,0.15677378332654987,0.0,4.133310697089002e-17,2.0972844903881895e-16,0.0
2012-12-11,2.883833213868197e-16,1.221513218774654e-16,2.7310393709322365e-16,0.0,1.165037038828637e-16,0.7162270658734446,2.8294590606213913e-16,0.2837729341265555,0.0,2.626528040162328e-16,1.6356070439353154e-16,0.0
2012-12-12,0.0,0.0,1.3607014719185188e-16,2.4377629388013454e-15,0.0,0.0,0.0,0.9999999999999982,2.244408184246454e-16,0.0,0.0,0.0
2012-12-13,1.9020045487948447e-16,8.249511264560154e-17,0.0,0.0,0.0,1.6202317265623378e-15,0.0,0.9999999999999982,7.66924929094172e-17,0.0,3.4621048427427787e-16,0.0
2012-12-14,0.0,4.1571127322926387e-17,0.0,0.0,5.951282636210427e-17,0.5747139714988515,0.0,0.4252860285011501,0.0,0.0,2.0050760904901232e-16,0.0
2012-12-17,2.057716004949963e-16,0.0,0.0,0.999999999999998,0.0,2.192690473634684e-15,9.299457360669848e-17,0.0,1.7338264130096504e-16,0.0,0.0,0.0
2012-12-18,0.0,6.978326898601777e-17,0.0,0.9493843361738802,0.0,3.50736409941328e-18,0.0,0.050615663826120934,0.0,0.0,2.1477439204796035e-18,0.0
2012-12-19,0.0,8.472292180010763e-17,4.718447854656915e-16,1.0,0.0,0.0,4.109225034013314e-19,0.0,7.970943764069987e-18,0.0,0.0,0.0
2012-12-20,1.1133699444622881e-16,0.0,4.163336342344337e-17,1.0,0.0,1.0444196213536363e-16,1.2563408552494294e-16,7.973430804068426e-17,0.0,9.367146616954167e-17,0.0,0.0
2012-12-21,0.0,0.0,0.22157915544621135,0.7784208445537882,0.0,5.3936104334347816e-17,3.605193656569219e-17,4.9036448922513227e-17,6.958861061309702e-17,8.972934319189294e-17,1.1425858204591186e-17,0.0
2012-12-24,0.0,0.0,0.021654726345677108,0.9383340113196856,1.4274325980129536e-16,0.0,0.0,0.0,1.9643710742981662e-16,0.04001126233463713,3.157733180771332e-16,0.0
2012-12-26,0.0,0.0,0.28013091743707325,0.7182710517362646,0.0,1.7164170220757405e-16,1.6409054916753668e-17,3.2241070938910155e-16,2.2927253395807327e-16,0.0015980308266621433,0.0,0.0
2012-12-27,0.0,2.2298608751980747e-16,0.4072501221799892,0.5927498778200125,8.909184944358205e-17,4.878737069058658e-17,7.900657074175599e-17,0.0,0.0,0.0,1.1204397953440807e-16,0.0
2012-12-28,1.4731599211313988e-15,0.0,0.2761937777433486,0.6644164904515476,7.923442514502951e-17,7.892916258193319e-17,2.0190147838261497e-17,1.1723909197623481e-16,3.1775742133151776e-16,0.05938973180510172,2.7908626906762e-17,0.0
2012-12-31,0.0,0.0,0.21252974719346893,0.3195510433174698,0.0,1.902481406437863e-16,3.306356594219259e-17,6.653763737755937e-17,0.0,0.46791920948906246,0.0,0.0
